jsonstat,.,|
label,"Population by province of residence, place of birth, age, gender and year in Galicia"
source,INE and IGE
updated,2012-12-27T12:25:09Z
href,https://json-stat.org/samples/galicia.json
dimension,birth,place of birth,6,T,total,C,county of residence,P,another county in the same province,G,another province of Galicia,A,in another autonomous community,F,abroad,geo
dimension,age,age group,22,T,total,0,0-4,5,5-9,10,10-14,15,15-19,20,20-24,25,25-29,30,30-34,35,35-39,40,40-44,45,45-49,50,50-54,55,55-59,60,60-64,65,65-69,70,70-74,75,75-79,80,80-84,85,85-89,90,90-94,95,95-99,100,100+
dimension,gender,gender,3,T,total,M,male,F,female
dimension,time,year,2,2001,2001,2011,2011,time
dimension,residence,province of residence,5,T,total,15,A Coruña,27,Lugo,32,Ourense,36,Pontevedra,geo
dimension,concept,concept,1,pop,population,metric,0|persons
data
birth,age,gender,time,residence,concept,value
T,T,T,2001,T,pop,2695880
T,T,T,2001,15,pop,1096027
T,T,T,2001,27,pop,357648
T,T,T,2001,32,pop,338446
T,T,T,2001,36,pop,903759
T,T,T,2011,T,pop,2772928
T,T,T,2011,15,pop,1141286
T,T,T,2011,27,pop,348067
T,T,T,2011,32,pop,328697
T,T,T,2011,36,pop,954877
T,T,M,2001,T,pop,1294378
T,T,M,2001,15,pop,525388
T,T,M,2001,27,pop,173339
T,T,M,2001,32,pop,161968
T,T,M,2001,36,pop,433683
T,T,M,2011,T,pop,1341269
T,T,M,2011,15,pop,549283
T,T,M,2011,27,pop,169376
T,T,M,2011,32,pop,158758
T,T,M,2011,36,pop,463853
T,T,F,2001,T,pop,1401502
T,T,F,2001,15,pop,570639
T,T,F,2001,27,pop,184309
T,T,F,2001,32,pop,176478
T,T,F,2001,36,pop,470076
T,T,F,2011,T,pop,1431658
T,T,F,2011,15,pop,592004
T,T,F,2011,27,pop,178692
T,T,F,2011,32,pop,169939
T,T,F,2011,36,pop,491024
T,0,T,2001,T,pop,94722
T,0,T,2001,15,pop,38504
T,0,T,2001,27,pop,9991
T,0,T,2001,32,pop,9364
T,0,T,2001,36,pop,36863
T,0,T,2011,T,pop,113118
T,0,T,2011,15,pop,47928
T,0,T,2011,27,pop,11252
T,0,T,2011,32,pop,10574
T,0,T,2011,36,pop,43364
T,0,M,2001,T,pop,48723
T,0,M,2001,15,pop,19757
T,0,M,2001,27,pop,5090
T,0,M,2001,32,pop,4830
T,0,M,2001,36,pop,19046
T,0,M,2011,T,pop,58669
T,0,M,2011,15,pop,24796
T,0,M,2011,27,pop,5710
T,0,M,2011,32,pop,5476
T,0,M,2011,36,pop,22687
T,0,F,2001,T,pop,45999
T,0,F,2001,15,pop,18747
T,0,F,2001,27,pop,4901
T,0,F,2001,32,pop,4534
T,0,F,2001,36,pop,17817
T,0,F,2011,T,pop,54449
T,0,F,2011,15,pop,23132
T,0,F,2011,27,pop,5542
T,0,F,2011,32,pop,5098
T,0,F,2011,36,pop,20677
T,5,T,2001,T,pop,101884
T,5,T,2001,15,pop,40697
T,5,T,2001,27,pop,11500
T,5,T,2001,32,pop,11161
T,5,T,2001,36,pop,38526
T,5,T,2011,T,pop,109678
T,5,T,2011,15,pop,45491
T,5,T,2011,27,pop,10833
T,5,T,2011,32,pop,10531
T,5,T,2011,36,pop,42822
T,5,M,2001,T,pop,52343
T,5,M,2001,15,pop,20844
T,5,M,2001,27,pop,5818
T,5,M,2001,32,pop,5819
T,5,M,2001,36,pop,19862
T,5,M,2011,T,pop,56623
T,5,M,2011,15,pop,23352
T,5,M,2011,27,pop,5626
T,5,M,2011,32,pop,5416
T,5,M,2011,36,pop,22230
T,5,F,2001,T,pop,49541
T,5,F,2001,15,pop,19853
T,5,F,2001,27,pop,5682
T,5,F,2001,32,pop,5342
T,5,F,2001,36,pop,18664
T,5,F,2011,T,pop,53055
T,5,F,2011,15,pop,22140
T,5,F,2011,27,pop,5207
T,5,F,2011,32,pop,5115
T,5,F,2011,36,pop,20593
T,10,T,2001,T,pop,122960
T,10,T,2001,15,pop,48899
T,10,T,2001,27,pop,14843
T,10,T,2001,32,pop,13668
T,10,T,2001,36,pop,45550
T,10,T,2011,T,pop,104734
T,10,T,2011,15,pop,42888
T,10,T,2011,27,pop,11176
T,10,T,2011,32,pop,10389
T,10,T,2011,36,pop,40281
T,10,M,2001,T,pop,62994
T,10,M,2001,15,pop,25108
T,10,M,2001,27,pop,7589
T,10,M,2001,32,pop,6938
T,10,M,2001,36,pop,23359
T,10,M,2011,T,pop,54063
T,10,M,2011,15,pop,22121
T,10,M,2011,27,pop,5712
T,10,M,2011,32,pop,5335
T,10,M,2011,36,pop,20896
T,10,F,2001,T,pop,59966
T,10,F,2001,15,pop,23791
T,10,F,2001,27,pop,7254
T,10,F,2001,32,pop,6730
T,10,F,2001,36,pop,22191
T,10,F,2011,T,pop,50671
T,10,F,2011,15,pop,20767
T,10,F,2011,27,pop,5464
T,10,F,2011,32,pop,5054
T,10,F,2011,36,pop,19385
T,15,T,2001,T,pop,157255
T,15,T,2001,15,pop,63920
T,15,T,2001,27,pop,19036
T,15,T,2001,32,pop,17447
T,15,T,2001,36,pop,56852
T,15,T,2011,T,pop,111475
T,15,T,2011,15,pop,44587
T,15,T,2011,27,pop,12615
T,15,T,2011,32,pop,12264
T,15,T,2011,36,pop,42010
T,15,M,2001,T,pop,80408
T,15,M,2001,15,pop,32665
T,15,M,2001,27,pop,9630
T,15,M,2001,32,pop,9014
T,15,M,2001,36,pop,29099
T,15,M,2011,T,pop,57320
T,15,M,2011,15,pop,22767
T,15,M,2011,27,pop,6429
T,15,M,2011,32,pop,6393
T,15,M,2011,36,pop,21730
T,15,F,2001,T,pop,76847
T,15,F,2001,15,pop,31255
T,15,F,2001,27,pop,9406
T,15,F,2001,32,pop,8433
T,15,F,2001,36,pop,27753
T,15,F,2011,T,pop,54156
T,15,F,2011,15,pop,21819
T,15,F,2011,27,pop,6186
T,15,F,2011,32,pop,5871
T,15,F,2011,36,pop,20280
T,20,T,2001,T,pop,207668
T,20,T,2001,15,pop,85392
T,20,T,2001,27,pop,23538
T,20,T,2001,32,pop,22348
T,20,T,2001,36,pop,76390
T,20,T,2011,T,pop,132761
T,20,T,2011,15,pop,53232
T,20,T,2011,27,pop,16119
T,20,T,2011,32,pop,14823
T,20,T,2011,36,pop,48587
T,20,M,2001,T,pop,105460
T,20,M,2001,15,pop,43477
T,20,M,2001,27,pop,12036
T,20,M,2001,32,pop,11348
T,20,M,2001,36,pop,38599
T,20,M,2011,T,pop,67613
T,20,M,2011,15,pop,27065
T,20,M,2011,27,pop,8215
T,20,M,2011,32,pop,7498
T,20,M,2011,36,pop,24834
T,20,F,2001,T,pop,102208
T,20,F,2001,15,pop,41915
T,20,F,2001,27,pop,11502
T,20,F,2001,32,pop,11000
T,20,F,2001,36,pop,37791
T,20,F,2011,T,pop,65149
T,20,F,2011,15,pop,26167
T,20,F,2011,27,pop,7904
T,20,F,2011,32,pop,7325
T,20,F,2011,36,pop,23752
T,25,T,2001,T,pop,213916
T,25,T,2001,15,pop,89288
T,25,T,2001,27,pop,23541
T,25,T,2001,32,pop,22813
T,25,T,2001,36,pop,78274
T,25,T,2011,T,pop,165935
T,25,T,2011,15,pop,68441
T,25,T,2011,27,pop,20045
T,25,T,2011,32,pop,18111
T,25,T,2011,36,pop,59339
T,25,M,2001,T,pop,107324
T,25,M,2001,15,pop,44906
T,25,M,2001,27,pop,11646
T,25,M,2001,32,pop,11372
T,25,M,2001,36,pop,39400
T,25,M,2011,T,pop,84038
T,25,M,2011,15,pop,34355
T,25,M,2011,27,pop,10189
T,25,M,2011,32,pop,9252
T,25,M,2011,36,pop,30242
T,25,F,2001,T,pop,106592
T,25,F,2001,15,pop,44382
T,25,F,2001,27,pop,11895
T,25,F,2001,32,pop,11441
T,25,F,2001,36,pop,38874
T,25,F,2011,T,pop,81897
T,25,F,2011,15,pop,34086
T,25,F,2011,27,pop,9855
T,25,F,2011,32,pop,8858
T,25,F,2011,36,pop,29097
T,30,T,2001,T,pop,201933
T,30,T,2001,15,pop,83854
T,30,T,2001,27,pop,23696
T,30,T,2001,32,pop,22117
T,30,T,2001,36,pop,72266
T,30,T,2011,T,pop,216539
T,30,T,2011,15,pop,90743
T,30,T,2011,27,pop,24405
T,30,T,2011,32,pop,21978
T,30,T,2011,36,pop,79412
T,30,M,2001,T,pop,100260
T,30,M,2001,15,pop,41391
T,30,M,2001,27,pop,11809
T,30,M,2001,32,pop,11037
T,30,M,2001,36,pop,36023
T,30,M,2011,T,pop,109506
T,30,M,2011,15,pop,45746
T,30,M,2011,27,pop,12535
T,30,M,2011,32,pop,11183
T,30,M,2011,36,pop,40042
T,30,F,2001,T,pop,101673
T,30,F,2001,15,pop,42463
T,30,F,2001,27,pop,11887
T,30,F,2001,32,pop,11080
T,30,F,2001,36,pop,36243
T,30,F,2011,T,pop,107033
T,30,F,2011,15,pop,44997
T,30,F,2011,27,pop,11871
T,30,F,2011,32,pop,10795
T,30,F,2011,36,pop,39370
T,35,T,2001,T,pop,193792
T,35,T,2001,15,pop,81111
T,35,T,2001,27,pop,24717
T,35,T,2001,32,pop,21536
T,35,T,2001,36,pop,66428
T,35,T,2011,T,pop,226550
T,35,T,2011,15,pop,95746
T,35,T,2011,27,pop,24490
T,35,T,2011,32,pop,22788
T,35,T,2011,36,pop,83526
T,35,M,2001,T,pop,95461
T,35,M,2001,15,pop,39761
T,35,M,2001,27,pop,12388
T,35,M,2001,32,pop,10633
T,35,M,2001,36,pop,32679
T,35,M,2011,T,pop,114140
T,35,M,2011,15,pop,48039
T,35,M,2011,27,pop,12322
T,35,M,2011,32,pop,11459
T,35,M,2011,36,pop,42319
T,35,F,2001,T,pop,98331
T,35,F,2001,15,pop,41350
T,35,F,2001,27,pop,12329
T,35,F,2001,32,pop,10903
T,35,F,2001,36,pop,33749
T,35,F,2011,T,pop,112409
T,35,F,2011,15,pop,47706
T,35,F,2011,27,pop,12167
T,35,F,2011,32,pop,11328
T,35,F,2011,36,pop,41207
T,40,T,2001,T,pop,191581
T,40,T,2001,15,pop,79605
T,40,T,2001,27,pop,24986
T,40,T,2001,32,pop,22300
T,40,T,2001,36,pop,64690
T,40,T,2011,T,pop,215378
T,40,T,2011,15,pop,90301
T,40,T,2011,27,pop,24851
T,40,T,2011,32,pop,22947
T,40,T,2011,36,pop,77279
T,40,M,2001,T,pop,94722
T,40,M,2001,15,pop,39201
T,40,M,2001,27,pop,12862
T,40,M,2001,32,pop,11119
T,40,M,2001,36,pop,31540
T,40,M,2011,T,pop,107505
T,40,M,2011,15,pop,44568
T,40,M,2011,27,pop,12417
T,40,M,2011,32,pop,11612
T,40,M,2011,36,pop,38908
T,40,F,2001,T,pop,96859
T,40,F,2001,15,pop,40404
T,40,F,2001,27,pop,12124
T,40,F,2001,32,pop,11181
T,40,F,2001,36,pop,33150
T,40,F,2011,T,pop,107873
T,40,F,2011,15,pop,45733
T,40,F,2011,27,pop,12434
T,40,F,2011,32,pop,11335
T,40,F,2011,36,pop,38371
T,45,T,2001,T,pop,174440
T,45,T,2001,15,pop,72850
T,45,T,2001,27,pop,22437
T,45,T,2001,32,pop,20194
T,45,T,2001,36,pop,58959
T,45,T,2011,T,pop,203232
T,45,T,2011,15,pop,85284
T,45,T,2011,27,pop,25570
T,45,T,2011,32,pop,22546
T,45,T,2011,36,pop,69832
T,45,M,2001,T,pop,86781
T,45,M,2001,15,pop,36034
T,45,M,2001,27,pop,11818
T,45,M,2001,32,pop,10278
T,45,M,2001,36,pop,28651
T,45,M,2011,T,pop,100436
T,45,M,2011,15,pop,41846
T,45,M,2011,27,pop,12784
T,45,M,2011,32,pop,11184
T,45,M,2011,36,pop,34621
T,45,F,2001,T,pop,87659
T,45,F,2001,15,pop,36816
T,45,F,2001,27,pop,10619
T,45,F,2001,32,pop,9916
T,45,F,2001,36,pop,30308
T,45,F,2011,T,pop,102796
T,45,F,2011,15,pop,43438
T,45,F,2011,27,pop,12786
T,45,F,2011,32,pop,11361
T,45,F,2011,36,pop,35211
T,50,T,2001,T,pop,168933
T,50,T,2001,15,pop,71342
T,50,T,2001,27,pop,20672
T,50,T,2001,32,pop,20358
T,50,T,2001,36,pop,56561
T,50,T,2011,T,pop,196554
T,50,T,2011,15,pop,81770
T,50,T,2011,27,pop,25371
T,50,T,2011,32,pop,23065
T,50,T,2011,36,pop,66348
T,50,M,2001,T,pop,83531
T,50,M,2001,15,pop,34919
T,50,M,2001,27,pop,10643
T,50,M,2001,32,pop,10173
T,50,M,2001,36,pop,27796
T,50,M,2011,T,pop,97195
T,50,M,2011,15,pop,40152
T,50,M,2011,27,pop,13015
T,50,M,2011,32,pop,11518
T,50,M,2011,36,pop,32510
T,50,F,2001,T,pop,85402
T,50,F,2001,15,pop,36423
T,50,F,2001,27,pop,10029
T,50,F,2001,32,pop,10185
T,50,F,2001,36,pop,28765
T,50,F,2011,T,pop,99359
T,50,F,2011,15,pop,41618
T,50,F,2011,27,pop,12356
T,50,F,2011,32,pop,11546
T,50,F,2011,36,pop,33838
T,55,T,2001,T,pop,163648
T,55,T,2001,15,pop,68271
T,55,T,2001,27,pop,20867
T,55,T,2001,32,pop,21525
T,55,T,2001,36,pop,52985
T,55,T,2011,T,pop,176206
T,55,T,2011,15,pop,73320
T,55,T,2011,27,pop,22699
T,55,T,2011,32,pop,20888
T,55,T,2011,36,pop,59300
T,55,M,2001,T,pop,79465
T,55,M,2001,15,pop,33030
T,55,M,2001,27,pop,10282
T,55,M,2001,32,pop,10407
T,55,M,2001,36,pop,25746
T,55,M,2011,T,pop,86745
T,55,M,2011,15,pop,35827
T,55,M,2011,27,pop,11792
T,55,M,2011,32,pop,10502
T,55,M,2011,36,pop,28624
T,55,F,2001,T,pop,84183
T,55,F,2001,15,pop,35241
T,55,F,2001,27,pop,10585
T,55,F,2001,32,pop,11118
T,55,F,2001,36,pop,27239
T,55,F,2011,T,pop,89461
T,55,F,2011,15,pop,37492
T,55,F,2011,27,pop,10908
T,55,F,2011,32,pop,10386
T,55,F,2011,36,pop,30675
T,60,T,2001,T,pop,135825
T,60,T,2001,15,pop,55269
T,60,T,2001,27,pop,19697
T,60,T,2001,32,pop,19304
T,60,T,2001,36,pop,41555
T,60,T,2011,T,pop,168390
T,60,T,2011,15,pop,70627
T,60,T,2011,27,pop,20745
T,60,T,2011,32,pop,21087
T,60,T,2011,36,pop,55930
T,60,M,2001,T,pop,63800
T,60,M,2001,15,pop,26090
T,60,M,2001,27,pop,9261
T,60,M,2001,32,pop,9017
T,60,M,2001,36,pop,19432
T,60,M,2011,T,pop,81692
T,60,M,2011,15,pop,33801
T,60,M,2011,27,pop,10495
T,60,M,2011,32,pop,10335
T,60,M,2011,36,pop,27061
T,60,F,2001,T,pop,72025
T,60,F,2001,15,pop,29179
T,60,F,2001,27,pop,10436
T,60,F,2001,32,pop,10287
T,60,F,2001,36,pop,22123
T,60,F,2011,T,pop,86697
T,60,F,2011,15,pop,36826
T,60,F,2011,27,pop,10250
T,60,F,2011,32,pop,10752
T,60,F,2011,36,pop,28869
T,65,T,2001,T,pop,169232
T,65,T,2001,15,pop,67381
T,65,T,2001,27,pop,26384
T,65,T,2001,32,pop,26067
T,65,T,2001,36,pop,49400
T,65,T,2011,T,pop,160341
T,65,T,2011,15,pop,66421
T,65,T,2011,27,pop,20725
T,65,T,2011,32,pop,22104
T,65,T,2011,36,pop,51091
T,65,M,2001,T,pop,77457
T,65,M,2001,15,pop,30684
T,65,M,2001,27,pop,12368
T,65,M,2001,32,pop,12163
T,65,M,2001,36,pop,22242
T,65,M,2011,T,pop,75914
T,65,M,2011,15,pop,31248
T,65,M,2011,27,pop,9990
T,65,M,2011,32,pop,10542
T,65,M,2011,36,pop,24134
T,65,F,2001,T,pop,91775
T,65,F,2001,15,pop,36697
T,65,F,2001,27,pop,14016
T,65,F,2001,32,pop,13904
T,65,F,2001,36,pop,27158
T,65,F,2011,T,pop,84427
T,65,F,2011,15,pop,35172
T,65,F,2011,27,pop,10736
T,65,F,2011,32,pop,11563
T,65,F,2011,36,pop,26956
T,70,T,2001,T,pop,143719
T,70,T,2001,15,pop,55857
T,70,T,2001,27,pop,24503
T,70,T,2001,32,pop,22950
T,70,T,2001,36,pop,40409
T,70,T,2011,T,pop,126758
T,70,T,2011,15,pop,51247
T,70,T,2011,27,pop,18633
T,70,T,2011,32,pop,18513
T,70,T,2011,36,pop,38366
T,70,M,2001,T,pop,63169
T,70,M,2001,15,pop,24305
T,70,M,2001,27,pop,11214
T,70,M,2001,32,pop,10371
T,70,M,2001,36,pop,17279
T,70,M,2011,T,pop,57309
T,70,M,2011,15,pop,23170
T,70,M,2011,27,pop,8484
T,70,M,2011,32,pop,8520
T,70,M,2011,36,pop,17136
T,70,F,2001,T,pop,80550
T,70,F,2001,15,pop,31552
T,70,F,2001,27,pop,13289
T,70,F,2001,32,pop,12579
T,70,F,2001,36,pop,23130
T,70,F,2011,T,pop,69449
T,70,F,2011,15,pop,28077
T,70,F,2011,27,pop,10149
T,70,F,2011,32,pop,9994
T,70,F,2011,36,pop,21230
T,75,T,2001,T,pop,112769
T,75,T,2001,15,pop,41941
T,75,T,2001,27,pop,20843
T,75,T,2001,32,pop,19568
T,75,T,2001,36,pop,30417
T,75,T,2011,T,pop,144226
T,75,T,2011,15,pop,57443
T,75,T,2011,27,pop,22610
T,75,T,2011,32,pop,22431
T,75,T,2011,36,pop,41742
T,75,M,2001,T,pop,45634
T,75,M,2001,15,pop,16650
T,75,M,2001,27,pop,9020
T,75,M,2001,32,pop,8348
T,75,M,2001,36,pop,11616
T,75,M,2011,T,pop,61377
T,75,M,2011,15,pop,24187
T,75,M,2011,27,pop,9919
T,75,M,2011,32,pop,9936
T,75,M,2011,36,pop,17335
T,75,F,2001,T,pop,67135
T,75,F,2001,15,pop,25291
T,75,F,2001,27,pop,11823
T,75,F,2001,32,pop,11220
T,75,F,2001,36,pop,18801
T,75,F,2011,T,pop,82850
T,75,F,2011,15,pop,33256
T,75,F,2011,27,pop,12691
T,75,F,2011,32,pop,12495
T,75,F,2011,36,pop,24407
T,80,T,2001,T,pop,76402
T,80,T,2001,15,pop,28335
T,80,T,2001,27,pop,14123
T,80,T,2001,32,pop,13420
T,80,T,2001,36,pop,20524
T,80,T,2011,T,pop,105472
T,80,T,2011,15,pop,40834
T,80,T,2011,27,pop,18116
T,80,T,2011,32,pop,16909
T,80,T,2011,36,pop,29613
T,80,M,2001,T,pop,27330
T,80,M,2001,15,pop,9787
T,80,M,2001,27,pop,5530
T,80,M,2001,32,pop,5185
T,80,M,2001,36,pop,6828
T,80,M,2011,T,pop,41105
T,80,M,2011,15,pop,15677
T,80,M,2011,27,pop,7438
T,80,M,2011,32,pop,6934
T,80,M,2011,36,pop,11056
T,80,F,2001,T,pop,49072
T,80,F,2001,15,pop,18548
T,80,F,2001,27,pop,8593
T,80,F,2001,32,pop,8235
T,80,F,2001,36,pop,13696
T,80,F,2011,T,pop,64367
T,80,F,2011,15,pop,25157
T,80,F,2011,27,pop,10678
T,80,F,2011,32,pop,9975
T,80,F,2011,36,pop,18557
T,85,T,2001,T,pop,43981
T,85,T,2001,15,pop,15865
T,85,T,2001,27,pop,8189
T,85,T,2001,32,pop,8276
T,85,T,2001,36,pop,11651
T,85,T,2011,T,pop,62347
T,85,T,2011,15,pop,22948
T,85,T,2011,27,pop,11542
T,85,T,2011,32,pop,10797
T,85,T,2011,36,pop,17061
T,85,M,2001,T,pop,13750
T,85,M,2001,15,pop,4860
T,85,M,2001,27,pop,2920
T,85,M,2001,32,pop,2733
T,85,M,2001,36,pop,3237
T,85,M,2011,T,pop,21011
T,85,M,2011,15,pop,7465
T,85,M,2011,27,pop,4303
T,85,M,2011,32,pop,3949
T,85,M,2011,36,pop,5294
T,85,F,2001,T,pop,30231
T,85,F,2001,15,pop,11005
T,85,F,2001,27,pop,5269
T,85,F,2001,32,pop,5543
T,85,F,2001,36,pop,8414
T,85,F,2011,T,pop,41336
T,85,F,2011,15,pop,15483
T,85,F,2011,27,pop,7239
T,85,F,2011,32,pop,6848
T,85,F,2011,36,pop,11767
T,90,T,2001,T,pop,15294
T,90,T,2001,15,pop,5455
T,90,T,2001,27,pop,2970
T,90,T,2001,32,pop,2918
T,90,T,2001,36,pop,3951
T,90,T,2011,T,pop,25493
T,90,T,2011,15,pop,9387
T,90,T,2011,27,pop,4781
T,90,T,2011,32,pop,4477
T,90,T,2011,36,pop,6848
T,90,M,2001,T,pop,4786
T,90,M,2001,15,pop,1609
T,90,M,2001,27,pop,1160
T,90,M,2001,32,pop,984
T,90,M,2001,36,pop,1033
T,90,M,2011,T,pop,7191
T,90,M,2011,15,pop,2479
T,90,M,2011,27,pop,1564
T,90,M,2011,32,pop,1390
T,90,M,2011,36,pop,1758
T,90,F,2001,T,pop,12325
T,90,F,2001,15,pop,4523
T,90,F,2001,27,pop,2150
T,90,F,2001,32,pop,2266
T,90,F,2001,36,pop,3386
T,90,F,2011,T,pop,18302
T,90,F,2011,15,pop,6908
T,90,F,2011,27,pop,3218
T,90,F,2011,32,pop,3087
T,90,F,2011,36,pop,5089
T,95,T,2001,T,pop,3718
T,95,T,2001,15,pop,1396
T,95,T,2001,27,pop,693
T,95,T,2001,32,pop,705
T,95,T,2001,36,pop,924
T,95,T,2011,T,pop,6715
T,95,T,2011,15,pop,2328
T,95,T,2011,27,pop,1277
T,95,T,2011,32,pop,1276
T,95,T,2011,36,pop,1833
T,95,M,2001,T,pop,887
T,95,M,2001,15,pop,290
T,95,M,2001,27,pop,227
T,95,M,2001,32,pop,183
T,95,M,2001,36,pop,187
T,95,M,2011,T,pop,1603
T,95,M,2011,15,pop,560
T,95,M,2011,27,pop,372
T,95,M,2011,32,pop,291
T,95,M,2011,36,pop,380
T,95,F,2001,T,pop,2831
T,95,F,2001,15,pop,1106
T,95,F,2001,27,pop,466
T,95,F,2001,32,pop,522
T,95,F,2001,36,pop,737
T,95,F,2011,T,pop,5111
T,95,F,2011,15,pop,1768
T,95,F,2011,27,pop,905
T,95,F,2011,32,pop,986
T,95,F,2011,36,pop,1453
T,100,T,2001,T,pop,391
T,100,T,2001,15,pop,118
T,100,T,2001,27,pop,82
T,100,T,2001,32,pop,75
T,100,T,2001,36,pop,116
T,100,T,2011,T,pop,1025
T,100,T,2011,15,pop,322
T,100,T,2011,27,pop,211
T,100,T,2011,32,pop,199
T,100,T,2011,36,pop,293
T,100,M,2001,T,pop,93
T,100,M,2001,15,pop,20
T,100,M,2001,27,pop,28
T,100,M,2001,32,pop,16
T,100,M,2001,36,pop,29
T,100,M,2011,T,pop,213
T,100,M,2011,15,pop,60
T,100,M,2011,27,pop,64
T,100,M,2011,32,pop,34
T,100,M,2011,36,pop,55
T,100,F,2001,T,pop,298
T,100,F,2001,15,pop,98
T,100,F,2001,27,pop,54
T,100,F,2001,32,pop,59
T,100,F,2001,36,pop,87
T,100,F,2011,T,pop,812
T,100,F,2011,15,pop,262
T,100,F,2011,27,pop,147
T,100,F,2011,32,pop,164
T,100,F,2011,36,pop,238
C,T,T,2001,T,pop,1695355
C,T,T,2001,15,pop,642736
C,T,T,2001,27,pop,239519
C,T,T,2001,32,pop,202971
C,T,T,2001,36,pop,610129
C,T,T,2011,T,pop,1579732
C,T,T,2011,15,pop,600831
C,T,T,2011,27,pop,212365
C,T,T,2011,32,pop,176156
C,T,T,2011,36,pop,590381
C,T,M,2001,T,pop,822813
C,T,M,2001,15,pop,312530
C,T,M,2001,27,pop,120034
C,T,M,2001,32,pop,98290
C,T,M,2001,36,pop,291959
C,T,M,2011,T,pop,770929
C,T,M,2011,15,pop,292759
C,T,M,2011,27,pop,106782
C,T,M,2011,32,pop,86316
C,T,M,2011,36,pop,285072
C,T,F,2001,T,pop,872542
C,T,F,2001,15,pop,330206
C,T,F,2001,27,pop,119485
C,T,F,2001,32,pop,104681
C,T,F,2001,36,pop,318170
C,T,F,2011,T,pop,808803
C,T,F,2011,15,pop,308072
C,T,F,2011,27,pop,105583
C,T,F,2011,32,pop,89840
C,T,F,2011,36,pop,305308
C,0,T,2001,T,pop,76971
C,0,T,2001,15,pop,29388
C,0,T,2001,27,pop,8643
C,0,T,2001,32,pop,7339
C,0,T,2001,36,pop,31601
C,0,T,2011,T,pop,92261
C,0,T,2011,15,pop,37386
C,0,T,2011,27,pop,9709
C,0,T,2011,32,pop,8312
C,0,T,2011,36,pop,36854
C,0,M,2001,T,pop,39610
C,0,M,2001,15,pop,15105
C,0,M,2001,27,pop,4425
C,0,M,2001,32,pop,3792
C,0,M,2001,36,pop,16288
C,0,M,2011,T,pop,47862
C,0,M,2011,15,pop,19268
C,0,M,2011,27,pop,4960
C,0,M,2011,32,pop,4340
C,0,M,2011,36,pop,19294
C,0,F,2001,T,pop,37361
C,0,F,2001,15,pop,14283
C,0,F,2001,27,pop,4218
C,0,F,2001,32,pop,3547
C,0,F,2001,36,pop,15313
C,0,F,2011,T,pop,44399
C,0,F,2011,15,pop,18118
C,0,F,2011,27,pop,4750
C,0,F,2011,32,pop,3972
C,0,F,2011,36,pop,17560
C,5,T,2001,T,pop,77607
C,5,T,2001,15,pop,28972
C,5,T,2001,27,pop,9552
C,5,T,2001,32,pop,8039
C,5,T,2001,36,pop,31044
C,5,T,2011,T,pop,80896
C,5,T,2011,15,pop,31486
C,5,T,2011,27,pop,8466
C,5,T,2011,32,pop,7367
C,5,T,2011,36,pop,33576
C,5,M,2001,T,pop,39882
C,5,M,2001,15,pop,14837
C,5,M,2001,27,pop,4831
C,5,M,2001,32,pop,4151
C,5,M,2001,36,pop,16063
C,5,M,2011,T,pop,41885
C,5,M,2011,15,pop,16228
C,5,M,2011,27,pop,4392
C,5,M,2011,32,pop,3784
C,5,M,2011,36,pop,17481
C,5,F,2001,T,pop,37725
C,5,F,2001,15,pop,14135
C,5,F,2001,27,pop,4721
C,5,F,2001,32,pop,3888
C,5,F,2001,36,pop,14981
C,5,F,2011,T,pop,39011
C,5,F,2011,15,pop,15258
C,5,F,2011,27,pop,4075
C,5,F,2011,32,pop,3583
C,5,F,2011,36,pop,16095
C,10,T,2001,T,pop,92266
C,10,T,2001,15,pop,35037
C,10,T,2001,27,pop,11945
C,10,T,2001,32,pop,9239
C,10,T,2001,36,pop,36045
C,10,T,2011,T,pop,72245
C,10,T,2011,15,pop,27788
C,10,T,2011,27,pop,8188
C,10,T,2011,32,pop,6667
C,10,T,2011,36,pop,29602
C,10,M,2001,T,pop,47384
C,10,M,2001,15,pop,18051
C,10,M,2001,27,pop,6099
C,10,M,2001,32,pop,4712
C,10,M,2001,36,pop,18522
C,10,M,2011,T,pop,37324
C,10,M,2011,15,pop,14343
C,10,M,2011,27,pop,4195
C,10,M,2011,32,pop,3415
C,10,M,2011,36,pop,15371
C,10,F,2001,T,pop,44882
C,10,F,2001,15,pop,16986
C,10,F,2001,27,pop,5846
C,10,F,2001,32,pop,4527
C,10,F,2001,36,pop,17523
C,10,F,2011,T,pop,34921
C,10,F,2011,15,pop,13445
C,10,F,2011,27,pop,3993
C,10,F,2011,32,pop,3252
C,10,F,2011,36,pop,14231
C,15,T,2001,T,pop,117043
C,15,T,2001,15,pop,45957
C,15,T,2001,27,pop,14810
C,15,T,2001,32,pop,11697
C,15,T,2001,36,pop,44579
C,15,T,2011,T,pop,74576
C,15,T,2011,15,pop,27779
C,15,T,2011,27,pop,9176
C,15,T,2011,32,pop,7596
C,15,T,2011,36,pop,30025
C,15,M,2001,T,pop,60048
C,15,M,2001,15,pop,23632
C,15,M,2001,27,pop,7514
C,15,M,2001,32,pop,6072
C,15,M,2001,36,pop,22830
C,15,M,2011,T,pop,38397
C,15,M,2011,15,pop,14188
C,15,M,2011,27,pop,4673
C,15,M,2011,32,pop,3953
C,15,M,2011,36,pop,15583
C,15,F,2001,T,pop,56995
C,15,F,2001,15,pop,22325
C,15,F,2001,27,pop,7296
C,15,F,2001,32,pop,5625
C,15,F,2001,36,pop,21749
C,15,F,2011,T,pop,36179
C,15,F,2011,15,pop,13591
C,15,F,2011,27,pop,4503
C,15,F,2011,32,pop,3642
C,15,F,2011,36,pop,14442
C,20,T,2001,T,pop,148915
C,20,T,2001,15,pop,59411
C,20,T,2001,27,pop,17347
C,20,T,2001,32,pop,14033
C,20,T,2001,36,pop,58124
C,20,T,2011,T,pop,86449
C,20,T,2011,15,pop,32674
C,20,T,2011,27,pop,11229
C,20,T,2011,32,pop,8426
C,20,T,2011,36,pop,34120
C,20,M,2001,T,pop,76715
C,20,M,2001,15,pop,30742
C,20,M,2001,27,pop,8991
C,20,M,2001,32,pop,7353
C,20,M,2001,36,pop,29629
C,20,M,2011,T,pop,44705
C,20,M,2011,15,pop,16953
C,20,M,2011,27,pop,5820
C,20,M,2011,32,pop,4322
C,20,M,2011,36,pop,17610
C,20,F,2001,T,pop,72200
C,20,F,2001,15,pop,28669
C,20,F,2001,27,pop,8356
C,20,F,2001,32,pop,6680
C,20,F,2001,36,pop,28495
C,20,F,2011,T,pop,41744
C,20,F,2011,15,pop,15720
C,20,F,2011,27,pop,5409
C,20,F,2011,32,pop,4103
C,20,F,2011,36,pop,16511
C,25,T,2001,T,pop,137504
C,25,T,2001,15,pop,54823
C,25,T,2001,27,pop,15566
C,25,T,2001,32,pop,12656
C,25,T,2001,36,pop,54459
C,25,T,2011,T,pop,98694
C,25,T,2011,15,pop,38509
C,25,T,2011,27,pop,12570
C,25,T,2011,32,pop,9419
C,25,T,2011,36,pop,38196
C,25,M,2001,T,pop,70887
C,25,M,2001,15,pop,28413
C,25,M,2001,27,pop,8046
C,25,M,2001,32,pop,6557
C,25,M,2001,36,pop,27871
C,25,M,2011,T,pop,51627
C,25,M,2011,15,pop,20103
C,25,M,2011,27,pop,6553
C,25,M,2011,32,pop,5004
C,25,M,2011,36,pop,19967
C,25,F,2001,T,pop,66617
C,25,F,2001,15,pop,26410
C,25,F,2001,27,pop,7520
C,25,F,2001,32,pop,6099
C,25,F,2001,36,pop,26588
C,25,F,2011,T,pop,47068
C,25,F,2011,15,pop,18405
C,25,F,2011,27,pop,6018
C,25,F,2011,32,pop,4415
C,25,F,2011,36,pop,18229
C,30,T,2001,T,pop,114435
C,30,T,2001,15,pop,44003
C,30,T,2001,27,pop,14094
C,30,T,2001,32,pop,11169
C,30,T,2001,36,pop,45169
C,30,T,2011,T,pop,115228
C,30,T,2011,15,pop,44879
C,30,T,2011,27,pop,13376
C,30,T,2011,32,pop,10201
C,30,T,2011,36,pop,46772
C,30,M,2001,T,pop,58979
C,30,M,2001,15,pop,22583
C,30,M,2001,27,pop,7594
C,30,M,2001,32,pop,6016
C,30,M,2001,36,pop,22786
C,30,M,2011,T,pop,59997
C,30,M,2011,15,pop,23438
C,30,M,2011,27,pop,7142
C,30,M,2011,32,pop,5460
C,30,M,2011,36,pop,23957
C,30,F,2001,T,pop,55456
C,30,F,2001,15,pop,21420
C,30,F,2001,27,pop,6500
C,30,F,2001,32,pop,5153
C,30,F,2001,36,pop,22383
C,30,F,2011,T,pop,55232
C,30,F,2011,15,pop,21441
C,30,F,2011,27,pop,6234
C,30,F,2011,32,pop,4742
C,30,F,2011,36,pop,22815
C,35,T,2001,T,pop,103254
C,35,T,2001,15,pop,39692
C,35,T,2001,27,pop,14095
C,35,T,2001,32,pop,10068
C,35,T,2001,36,pop,39399
C,35,T,2011,T,pop,108529
C,35,T,2011,15,pop,41710
C,35,T,2011,27,pop,12277
C,35,T,2011,32,pop,9372
C,35,T,2011,36,pop,45171
C,35,M,2001,T,pop,52328
C,35,M,2001,15,pop,20072
C,35,M,2001,27,pop,7623
C,35,M,2001,32,pop,5357
C,35,M,2001,36,pop,19276
C,35,M,2011,T,pop,55725
C,35,M,2011,15,pop,21434
C,35,M,2011,27,pop,6454
C,35,M,2011,32,pop,4908
C,35,M,2011,36,pop,22929
C,35,F,2001,T,pop,50926
C,35,F,2001,15,pop,19620
C,35,F,2001,27,pop,6472
C,35,F,2001,32,pop,4711
C,35,F,2001,36,pop,20123
C,35,F,2011,T,pop,52804
C,35,F,2011,15,pop,20277
C,35,F,2011,27,pop,5822
C,35,F,2011,32,pop,4463
C,35,F,2011,36,pop,22242
C,40,T,2001,T,pop,101162
C,40,T,2001,15,pop,38626
C,40,T,2001,27,pop,14167
C,40,T,2001,32,pop,10666
C,40,T,2001,36,pop,37703
C,40,T,2011,T,pop,101273
C,40,T,2011,15,pop,38274
C,40,T,2011,27,pop,12354
C,40,T,2011,32,pop,9447
C,40,T,2011,36,pop,41198
C,40,M,2001,T,pop,51775
C,40,M,2001,15,pop,19802
C,40,M,2001,27,pop,7863
C,40,M,2001,32,pop,5715
C,40,M,2001,36,pop,18395
C,40,M,2011,T,pop,51344
C,40,M,2011,15,pop,19237
C,40,M,2011,27,pop,6630
C,40,M,2011,32,pop,5103
C,40,M,2011,36,pop,20373
C,40,F,2001,T,pop,49387
C,40,F,2001,15,pop,18824
C,40,F,2001,27,pop,6304
C,40,F,2001,32,pop,4951
C,40,F,2001,36,pop,19308
C,40,F,2011,T,pop,49929
C,40,F,2011,15,pop,19036
C,40,F,2011,27,pop,5724
C,40,F,2011,32,pop,4344
C,40,F,2011,36,pop,20825
C,45,T,2001,T,pop,92890
C,45,T,2001,15,pop,35799
C,45,T,2001,27,pop,12817
C,45,T,2001,32,pop,10175
C,45,T,2001,36,pop,34099
C,45,T,2011,T,pop,97768
C,45,T,2011,15,pop,37270
C,45,T,2011,27,pop,13216
C,45,T,2011,32,pop,9587
C,45,T,2011,36,pop,37696
C,45,M,2001,T,pop,47384
C,45,M,2001,15,pop,18316
C,45,M,2001,27,pop,7126
C,45,M,2001,32,pop,5403
C,45,M,2001,36,pop,16539
C,45,M,2011,T,pop,48976
C,45,M,2011,15,pop,18575
C,45,M,2011,27,pop,7118
C,45,M,2011,32,pop,5054
C,45,M,2011,36,pop,18229
C,45,F,2001,T,pop,45506
C,45,F,2001,15,pop,17483
C,45,F,2001,27,pop,5691
C,45,F,2001,32,pop,4772
C,45,F,2001,36,pop,17560
C,45,F,2011,T,pop,48792
C,45,F,2011,15,pop,18694
C,45,F,2011,27,pop,6098
C,45,F,2011,32,pop,4533
C,45,F,2011,36,pop,19466
C,50,T,2001,T,pop,92580
C,50,T,2001,15,pop,36229
C,50,T,2001,27,pop,12478
C,50,T,2001,32,pop,10901
C,50,T,2001,36,pop,32972
C,50,T,2011,T,pop,97952
C,50,T,2011,15,pop,37232
C,50,T,2011,27,pop,13691
C,50,T,2011,32,pop,10488
C,50,T,2011,36,pop,36541
C,50,M,2001,T,pop,46254
C,50,M,2001,15,pop,18084
C,50,M,2001,27,pop,6675
C,50,M,2001,32,pop,5605
C,50,M,2001,36,pop,15890
C,50,M,2011,T,pop,49636
C,50,M,2011,15,pop,18852
C,50,M,2011,27,pop,7522
C,50,M,2011,32,pop,5555
C,50,M,2011,36,pop,17708
C,50,F,2001,T,pop,46326
C,50,F,2001,15,pop,18145
C,50,F,2001,27,pop,5803
C,50,F,2001,32,pop,5296
C,50,F,2001,36,pop,17082
C,50,F,2011,T,pop,48316
C,50,F,2011,15,pop,18381
C,50,F,2011,27,pop,6169
C,50,F,2011,32,pop,4933
C,50,F,2011,36,pop,18833
C,55,T,2001,T,pop,93052
C,55,T,2001,15,pop,35477
C,55,T,2001,27,pop,13206
C,55,T,2001,32,pop,12301
C,55,T,2001,36,pop,32068
C,55,T,2011,T,pop,90412
C,55,T,2011,15,pop,34610
C,55,T,2011,27,pop,12521
C,55,T,2011,32,pop,10244
C,55,T,2011,36,pop,33037
C,55,M,2001,T,pop,44925
C,55,M,2001,15,pop,17197
C,55,M,2001,27,pop,6659
C,55,M,2001,32,pop,5903
C,55,M,2001,36,pop,15166
C,55,M,2011,T,pop,45210
C,55,M,2011,15,pop,17348
C,55,M,2011,27,pop,6812
C,55,M,2011,32,pop,5323
C,55,M,2011,36,pop,15726
C,55,F,2001,T,pop,48127
C,55,F,2001,15,pop,18280
C,55,F,2001,27,pop,6547
C,55,F,2001,32,pop,6398
C,55,F,2001,36,pop,16902
C,55,F,2011,T,pop,45202
C,55,F,2011,15,pop,17262
C,55,F,2011,27,pop,5709
C,55,F,2011,32,pop,4921
C,55,F,2011,36,pop,17310
C,60,T,2001,T,pop,80456
C,60,T,2001,15,pop,29707
C,60,T,2001,27,pop,12998
C,60,T,2001,32,pop,11539
C,60,T,2001,36,pop,26212
C,60,T,2011,T,pop,89743
C,60,T,2011,15,pop,34824
C,60,T,2011,27,pop,12256
C,60,T,2011,32,pop,11049
C,60,T,2011,36,pop,31615
C,60,M,2001,T,pop,36933
C,60,M,2001,15,pop,13730
C,60,M,2001,27,pop,6248
C,60,M,2001,32,pop,5242
C,60,M,2001,36,pop,11713
C,60,M,2011,T,pop,43642
C,60,M,2011,15,pop,16861
C,60,M,2011,27,pop,6399
C,60,M,2011,32,pop,5508
C,60,M,2011,36,pop,14873
C,60,F,2001,T,pop,43523
C,60,F,2001,15,pop,15977
C,60,F,2001,27,pop,6750
C,60,F,2001,32,pop,6297
C,60,F,2001,36,pop,14499
C,60,F,2011,T,pop,46102
C,60,F,2011,15,pop,17963
C,60,F,2011,27,pop,5857
C,60,F,2011,32,pop,5540
C,60,F,2011,36,pop,16741
C,65,T,2001,T,pop,106541
C,65,T,2001,15,pop,38829
C,65,T,2001,27,pop,18048
C,65,T,2001,32,pop,16859
C,65,T,2001,36,pop,32805
C,65,T,2011,T,pop,88949
C,65,T,2011,15,pop,33706
C,65,T,2011,27,pop,12785
C,65,T,2011,32,pop,12319
C,65,T,2011,36,pop,30139
C,65,M,2001,T,pop,48177
C,65,M,2001,15,pop,17436
C,65,M,2001,27,pop,8705
C,65,M,2001,32,pop,7774
C,65,M,2001,36,pop,14262
C,65,M,2011,T,pop,41617
C,65,M,2011,15,pop,15699
C,65,M,2011,27,pop,6296
C,65,M,2011,32,pop,5869
C,65,M,2011,36,pop,13754
C,65,F,2001,T,pop,58364
C,65,F,2001,15,pop,21393
C,65,F,2001,27,pop,9343
C,65,F,2001,32,pop,9085
C,65,F,2001,36,pop,18543
C,65,F,2011,T,pop,47332
C,65,F,2011,15,pop,18008
C,65,F,2011,27,pop,6489
C,65,F,2011,32,pop,6450
C,65,F,2011,36,pop,16385
C,70,T,2001,T,pop,92977
C,70,T,2001,15,pop,33438
C,70,T,2001,27,pop,16844
C,70,T,2001,32,pop,15142
C,70,T,2001,36,pop,27553
C,70,T,2011,T,pop,73085
C,70,T,2011,15,pop,26925
C,70,T,2011,27,pop,11919
C,70,T,2011,32,pop,10786
C,70,T,2011,36,pop,23456
C,70,M,2001,T,pop,40726
C,70,M,2001,15,pop,14446
C,70,M,2001,27,pop,8006
C,70,M,2001,32,pop,6731
C,70,M,2001,36,pop,11543
C,70,M,2011,T,pop,32211
C,70,M,2011,15,pop,11907
C,70,M,2011,27,pop,5549
C,70,M,2011,32,pop,4854
C,70,M,2011,36,pop,9900
C,70,F,2001,T,pop,52251
C,70,F,2001,15,pop,18992
C,70,F,2001,27,pop,8838
C,70,F,2001,32,pop,8411
C,70,F,2001,36,pop,16010
C,70,F,2011,T,pop,40874
C,70,F,2011,15,pop,15018
C,70,F,2011,27,pop,6369
C,70,F,2011,32,pop,5932
C,70,F,2011,36,pop,13556
C,75,T,2001,T,pop,74142
C,75,T,2001,15,pop,25595
C,75,T,2001,27,pop,14412
C,75,T,2001,32,pop,13435
C,75,T,2001,36,pop,20700
C,75,T,2011,T,pop,88144
C,75,T,2011,15,pop,32182
C,75,T,2011,27,pop,15054
C,75,T,2011,32,pop,13976
C,75,T,2011,36,pop,26933
C,75,M,2001,T,pop,29969
C,75,M,2001,15,pop,10133
C,75,M,2001,27,pop,6464
C,75,M,2001,32,pop,5676
C,75,M,2001,36,pop,7696
C,75,M,2011,T,pop,36972
C,75,M,2011,15,pop,13336
C,75,M,2011,27,pop,6781
C,75,M,2011,32,pop,6094
C,75,M,2011,36,pop,10761
C,75,F,2001,T,pop,44173
C,75,F,2001,15,pop,15462
C,75,F,2001,27,pop,7948
C,75,F,2001,32,pop,7759
C,75,F,2001,36,pop,13004
C,75,F,2011,T,pop,51172
C,75,F,2011,15,pop,18846
C,75,F,2011,27,pop,8273
C,75,F,2011,32,pop,7882
C,75,F,2011,36,pop,16172
C,80,T,2001,T,pop,50188
C,80,T,2001,15,pop,17271
C,80,T,2001,27,pop,9771
C,80,T,2001,32,pop,9161
C,80,T,2001,36,pop,13985
C,80,T,2011,T,pop,65217
C,80,T,2011,15,pop,23516
C,80,T,2011,27,pop,11950
C,80,T,2011,32,pop,10524
C,80,T,2011,36,pop,19227
C,80,M,2001,T,pop,17978
C,80,M,2001,15,pop,5979
C,80,M,2001,27,pop,3952
C,80,M,2001,32,pop,3525
C,80,M,2001,36,pop,4522
C,80,M,2011,T,pop,25403
C,80,M,2011,15,pop,8949
C,80,M,2011,27,pop,5158
C,80,M,2011,32,pop,4260
C,80,M,2011,36,pop,7035
C,80,F,2001,T,pop,32210
C,80,F,2001,15,pop,11292
C,80,F,2001,27,pop,5819
C,80,F,2001,32,pop,5636
C,80,F,2001,36,pop,9463
C,80,F,2011,T,pop,39815
C,80,F,2011,15,pop,14567
C,80,F,2011,27,pop,6792
C,80,F,2011,32,pop,6263
C,80,F,2011,36,pop,12192
C,85,T,2001,T,pop,29070
C,85,T,2001,15,pop,9692
C,85,T,2001,27,pop,5766
C,85,T,2001,32,pop,5772
C,85,T,2001,36,pop,7840
C,85,T,2011,T,pop,38285
C,85,T,2011,15,pop,13241
C,85,T,2011,27,pop,7564
C,85,T,2011,32,pop,6754
C,85,T,2011,36,pop,10727
C,85,M,2001,T,pop,8920
C,85,M,2001,15,pop,2801
C,85,M,2001,27,pop,2132
C,85,M,2001,32,pop,1871
C,85,M,2001,36,pop,2116
C,85,M,2011,T,pop,12942
C,85,M,2011,15,pop,4279
C,85,M,2011,27,pop,2965
C,85,M,2011,32,pop,2472
C,85,M,2011,36,pop,3225
C,85,F,2001,T,pop,20150
C,85,F,2001,15,pop,6891
C,85,F,2001,27,pop,3634
C,85,F,2001,32,pop,3901
C,85,F,2001,36,pop,5724
C,85,F,2011,T,pop,25344
C,85,F,2011,15,pop,8962
C,85,F,2011,27,pop,4598
C,85,F,2011,32,pop,4281
C,85,F,2011,36,pop,7502
C,90,T,2001,T,pop,10348
C,90,T,2001,15,pop,3427
C,90,T,2001,27,pop,2167
C,90,T,2001,32,pop,2004
C,90,T,2001,36,pop,2750
C,90,T,2011,T,pop,15360
C,90,T,2011,15,pop,5338
C,90,T,2011,27,pop,3084
C,90,T,2011,32,pop,2699
C,90,T,2011,36,pop,4239
C,90,M,2001,T,pop,3265
C,90,M,2001,15,pop,986
C,90,M,2001,27,pop,887
C,90,M,2001,32,pop,694
C,90,M,2001,36,pop,698
C,90,M,2011,T,pop,4381
C,90,M,2011,15,pop,1435
C,90,M,2011,27,pop,1058
C,90,M,2011,32,pop,839
C,90,M,2011,36,pop,1049
C,90,F,2001,T,pop,8308
C,90,F,2001,15,pop,2873
C,90,F,2001,27,pop,1521
C,90,F,2001,32,pop,1541
C,90,F,2001,36,pop,2373
C,90,F,2011,T,pop,10979
C,90,F,2011,15,pop,3903
C,90,F,2011,27,pop,2026
C,90,F,2011,32,pop,1860
C,90,F,2011,36,pop,3191
C,95,T,2001,T,pop,2474
C,95,T,2001,15,pop,860
C,95,T,2001,27,pop,496
C,95,T,2001,32,pop,492
C,95,T,2001,36,pop,626
C,95,T,2011,T,pop,4015
C,95,T,2011,15,pop,1305
C,95,T,2011,27,pop,830
C,95,T,2011,32,pop,793
C,95,T,2011,36,pop,1086
C,95,M,2001,T,pop,609
C,95,M,2001,15,pop,174
C,95,M,2001,27,pop,174
C,95,M,2001,32,pop,126
C,95,M,2001,36,pop,135
C,95,M,2011,T,pop,936
C,95,M,2011,15,pop,290
C,95,M,2011,27,pop,257
C,95,M,2011,32,pop,172
C,95,M,2011,36,pop,217
C,95,F,2001,T,pop,1865
C,95,F,2001,15,pop,686
C,95,F,2001,27,pop,322
C,95,F,2001,32,pop,366
C,95,F,2001,36,pop,491
C,95,F,2011,T,pop,3079
C,95,F,2011,15,pop,1015
C,95,F,2011,27,pop,573
C,95,F,2011,32,pop,621
C,95,F,2011,36,pop,870
C,100,T,2001,T,pop,255
C,100,T,2001,15,pop,71
C,100,T,2001,27,pop,56
C,100,T,2001,32,pop,53
C,100,T,2001,36,pop,75
C,100,T,2011,T,pop,648
C,100,T,2011,15,pop,197
C,100,T,2011,27,pop,149
C,100,T,2011,32,pop,131
C,100,T,2011,36,pop,172
C,100,M,2001,T,pop,65
C,100,M,2001,15,pop,11
C,100,M,2001,27,pop,20
C,100,M,2001,32,pop,15
C,100,M,2001,36,pop,19
C,100,M,2011,T,pop,139
C,100,M,2011,15,pop,35
C,100,M,2011,27,pop,48
C,100,M,2011,32,pop,25
C,100,M,2011,36,pop,31
C,100,F,2001,T,pop,190
C,100,F,2001,15,pop,60
C,100,F,2001,27,pop,36
C,100,F,2001,32,pop,38
C,100,F,2001,36,pop,56
C,100,F,2011,T,pop,510
C,100,F,2011,15,pop,162
C,100,F,2011,27,pop,101
C,100,F,2011,32,pop,105
C,100,F,2011,36,pop,142
P,T,T,2001,T,pop,591569
P,T,T,2001,15,pop,289921
P,T,T,2001,27,pop,74279
P,T,T,2001,32,pop,78981
P,T,T,2001,36,pop,148388
P,T,T,2011,T,pop,655747
P,T,T,2011,15,pop,321573
P,T,T,2011,27,pop,74995
P,T,T,2011,32,pop,82655
P,T,T,2011,36,pop,176524
P,T,M,2001,T,pop,278166
P,T,M,2001,15,pop,135651
P,T,M,2001,27,pop,32807
P,T,M,2001,32,pop,36948
P,T,M,2001,36,pop,72760
P,T,M,2011,T,pop,311911
P,T,M,2011,15,pop,152407
P,T,M,2011,27,pop,33202
P,T,M,2011,32,pop,38907
P,T,M,2011,36,pop,87394
P,T,F,2001,T,pop,313403
P,T,F,2001,15,pop,154270
P,T,F,2001,27,pop,41472
P,T,F,2001,32,pop,42033
P,T,F,2001,36,pop,75628
P,T,F,2011,T,pop,343836
P,T,F,2011,15,pop,169166
P,T,F,2011,27,pop,41792
P,T,F,2011,32,pop,43748
P,T,F,2011,36,pop,89130
P,0,T,2001,T,pop,12273
P,0,T,2001,15,pop,7020
P,0,T,2001,27,pop,723
P,0,T,2001,32,pop,1118
P,0,T,2001,36,pop,3412
P,0,T,2011,T,pop,14606
P,0,T,2011,15,pop,7980
P,0,T,2011,27,pop,730
P,0,T,2011,32,pop,1443
P,0,T,2011,36,pop,4454
P,0,M,2001,T,pop,6307
P,0,M,2001,15,pop,3601
P,0,M,2001,27,pop,344
P,0,M,2001,32,pop,581
P,0,M,2001,36,pop,1781
P,0,M,2011,T,pop,7580
P,0,M,2011,15,pop,4161
P,0,M,2011,27,pop,343
P,0,M,2011,32,pop,737
P,0,M,2011,36,pop,2338
P,0,F,2001,T,pop,5966
P,0,F,2001,15,pop,3419
P,0,F,2001,27,pop,379
P,0,F,2001,32,pop,537
P,0,F,2001,36,pop,1631
P,0,F,2011,T,pop,7026
P,0,F,2011,15,pop,3818
P,0,F,2011,27,pop,386
P,0,F,2011,32,pop,705
P,0,F,2011,36,pop,2116
P,5,T,2001,T,pop,14719
P,5,T,2001,15,pop,7916
P,5,T,2001,27,pop,985
P,5,T,2001,32,pop,1512
P,5,T,2001,36,pop,4306
P,5,T,2011,T,pop,16121
P,5,T,2011,15,pop,8794
P,5,T,2011,27,pop,830
P,5,T,2011,32,pop,1536
P,5,T,2011,36,pop,4961
P,5,M,2001,T,pop,7520
P,5,M,2001,15,pop,4012
P,5,M,2001,27,pop,493
P,5,M,2001,32,pop,813
P,5,M,2001,36,pop,2202
P,5,M,2011,T,pop,8432
P,5,M,2011,15,pop,4590
P,5,M,2011,27,pop,449
P,5,M,2011,32,pop,813
P,5,M,2011,36,pop,2580
P,5,F,2001,T,pop,7199
P,5,F,2001,15,pop,3904
P,5,F,2001,27,pop,492
P,5,F,2001,32,pop,699
P,5,F,2001,36,pop,2104
P,5,F,2011,T,pop,7689
P,5,F,2011,15,pop,4204
P,5,F,2011,27,pop,381
P,5,F,2011,32,pop,722
P,5,F,2011,36,pop,2381
P,10,T,2001,T,pop,17068
P,10,T,2001,15,pop,8682
P,10,T,2001,27,pop,1408
P,10,T,2001,32,pop,2023
P,10,T,2001,36,pop,4955
P,10,T,2011,T,pop,16727
P,10,T,2011,15,pop,8738
P,10,T,2011,27,pop,1076
P,10,T,2011,32,pop,1606
P,10,T,2011,36,pop,5306
P,10,M,2001,T,pop,8715
P,10,M,2001,15,pop,4447
P,10,M,2001,27,pop,710
P,10,M,2001,32,pop,1022
P,10,M,2001,36,pop,2536
P,10,M,2011,T,pop,8608
P,10,M,2011,15,pop,4514
P,10,M,2011,27,pop,527
P,10,M,2011,32,pop,839
P,10,M,2011,36,pop,2728
P,10,F,2001,T,pop,8353
P,10,F,2001,15,pop,4235
P,10,F,2001,27,pop,698
P,10,F,2001,32,pop,1001
P,10,F,2001,36,pop,2419
P,10,F,2011,T,pop,8119
P,10,F,2011,15,pop,4224
P,10,F,2011,27,pop,549
P,10,F,2011,32,pop,768
P,10,F,2011,36,pop,2578
P,15,T,2001,T,pop,21986
P,15,T,2001,15,pop,11040
P,15,T,2001,27,pop,2036
P,15,T,2001,32,pop,2614
P,15,T,2001,36,pop,6296
P,15,T,2011,T,pop,18589
P,15,T,2011,15,pop,9410
P,15,T,2011,27,pop,1321
P,15,T,2011,32,pop,2013
P,15,T,2011,36,pop,5845
P,15,M,2001,T,pop,11071
P,15,M,2001,15,pop,5509
P,15,M,2001,27,pop,1018
P,15,M,2001,32,pop,1338
P,15,M,2001,36,pop,3206
P,15,M,2011,T,pop,9531
P,15,M,2011,15,pop,4801
P,15,M,2011,27,pop,647
P,15,M,2011,32,pop,1075
P,15,M,2011,36,pop,3008
P,15,F,2001,T,pop,10915
P,15,F,2001,15,pop,5531
P,15,F,2001,27,pop,1018
P,15,F,2001,32,pop,1276
P,15,F,2001,36,pop,3090
P,15,F,2011,T,pop,9058
P,15,F,2011,15,pop,4609
P,15,F,2011,27,pop,673
P,15,F,2011,32,pop,938
P,15,F,2011,36,pop,2837
P,20,T,2001,T,pop,30039
P,20,T,2001,15,pop,15189
P,20,T,2001,27,pop,2515
P,20,T,2001,32,pop,3400
P,20,T,2001,36,pop,8935
P,20,T,2011,T,pop,21648
P,20,T,2011,15,pop,10688
P,20,T,2011,27,pop,1925
P,20,T,2011,32,pop,2551
P,20,T,2011,36,pop,6484
P,20,M,2001,T,pop,14721
P,20,M,2001,15,pop,7585
P,20,M,2001,27,pop,1183
P,20,M,2001,32,pop,1605
P,20,M,2001,36,pop,4348
P,20,M,2011,T,pop,10842
P,20,M,2011,15,pop,5369
P,20,M,2011,27,pop,908
P,20,M,2011,32,pop,1296
P,20,M,2011,36,pop,3270
P,20,F,2001,T,pop,15318
P,20,F,2001,15,pop,7604
P,20,F,2001,27,pop,1332
P,20,F,2001,32,pop,1795
P,20,F,2001,36,pop,4587
P,20,F,2011,T,pop,10805
P,20,F,2011,15,pop,5319
P,20,F,2011,27,pop,1016
P,20,F,2011,32,pop,1255
P,20,F,2011,36,pop,3214
P,25,T,2001,T,pop,36898
P,25,T,2001,15,pop,18906
P,25,T,2001,27,pop,3212
P,25,T,2001,32,pop,3837
P,25,T,2001,36,pop,10943
P,25,T,2011,T,pop,31175
P,25,T,2011,15,pop,15323
P,25,T,2011,27,pop,2912
P,25,T,2011,32,pop,3444
P,25,T,2011,36,pop,9497
P,25,M,2001,T,pop,17578
P,25,M,2001,15,pop,9076
P,25,M,2001,27,pop,1387
P,25,M,2001,32,pop,1777
P,25,M,2001,36,pop,5338
P,25,M,2011,T,pop,15173
P,25,M,2011,15,pop,7458
P,25,M,2011,27,pop,1383
P,25,M,2011,32,pop,1707
P,25,M,2011,36,pop,4625
P,25,F,2001,T,pop,19320
P,25,F,2001,15,pop,9830
P,25,F,2001,27,pop,1825
P,25,F,2001,32,pop,2060
P,25,F,2001,36,pop,5605
P,25,F,2011,T,pop,16001
P,25,F,2011,15,pop,7864
P,25,F,2011,27,pop,1529
P,25,F,2011,32,pop,1737
P,25,F,2011,36,pop,4872
P,30,T,2001,T,pop,46198
P,30,T,2001,15,pop,22738
P,30,T,2001,27,pop,4852
P,30,T,2001,32,pop,4956
P,30,T,2001,36,pop,13652
P,30,T,2011,T,pop,48950
P,30,T,2011,15,pop,24544
P,30,T,2011,27,pop,4221
P,30,T,2011,32,pop,4692
P,30,T,2011,36,pop,15493
P,30,M,2001,T,pop,21863
P,30,M,2001,15,pop,10782
P,30,M,2001,27,pop,2034
P,30,M,2001,32,pop,2246
P,30,M,2001,36,pop,6801
P,30,M,2011,T,pop,24052
P,30,M,2011,15,pop,12210
P,30,M,2011,27,pop,1901
P,30,M,2011,32,pop,2275
P,30,M,2011,36,pop,7666
P,30,F,2001,T,pop,24335
P,30,F,2001,15,pop,11956
P,30,F,2001,27,pop,2818
P,30,F,2001,32,pop,2710
P,30,F,2001,36,pop,6851
P,30,F,2011,T,pop,24898
P,30,F,2011,15,pop,12334
P,30,F,2011,27,pop,2321
P,30,F,2011,32,pop,2417
P,30,F,2011,36,pop,7827
P,35,T,2001,T,pop,50810
P,35,T,2001,15,pop,24775
P,35,T,2001,27,pop,6322
P,35,T,2001,32,pop,5995
P,35,T,2001,36,pop,13718
P,35,T,2011,T,pop,55988
P,35,T,2011,15,pop,28581
P,35,T,2011,27,pop,4750
P,35,T,2011,32,pop,5220
P,35,T,2011,36,pop,17438
P,35,M,2001,T,pop,24582
P,35,M,2001,15,pop,11943
P,35,M,2001,27,pop,2782
P,35,M,2001,32,pop,2814
P,35,M,2001,36,pop,7043
P,35,M,2011,T,pop,27776
P,35,M,2011,15,pop,14245
P,35,M,2011,27,pop,2141
P,35,M,2011,32,pop,2497
P,35,M,2011,36,pop,8893
P,35,F,2001,T,pop,26228
P,35,F,2001,15,pop,12832
P,35,F,2001,27,pop,3540
P,35,F,2001,32,pop,3181
P,35,F,2001,36,pop,6675
P,35,F,2011,T,pop,28212
P,35,F,2011,15,pop,14335
P,35,F,2011,27,pop,2609
P,35,F,2011,32,pop,2723
P,35,F,2011,36,pop,8545
P,40,T,2001,T,pop,54158
P,40,T,2001,15,pop,26041
P,40,T,2001,27,pop,7086
P,40,T,2001,32,pop,6918
P,40,T,2001,36,pop,14113
P,40,T,2011,T,pop,56730
P,40,T,2011,15,pop,27944
P,40,T,2011,27,pop,5792
P,40,T,2011,32,pop,5904
P,40,T,2011,36,pop,17090
P,40,M,2001,T,pop,25949
P,40,M,2001,15,pop,12311
P,40,M,2001,27,pop,3280
P,40,M,2001,32,pop,3268
P,40,M,2001,36,pop,7090
P,40,M,2011,T,pop,27840
P,40,M,2011,15,pop,13635
P,40,M,2011,27,pop,2558
P,40,M,2011,32,pop,2762
P,40,M,2011,36,pop,8885
P,40,F,2001,T,pop,28209
P,40,F,2001,15,pop,13730
P,40,F,2001,27,pop,3806
P,40,F,2001,32,pop,3650
P,40,F,2001,36,pop,7023
P,40,F,2011,T,pop,28890
P,40,F,2011,15,pop,14309
P,40,F,2011,27,pop,3234
P,40,F,2011,32,pop,3142
P,40,F,2011,36,pop,8206
P,45,T,2001,T,pop,49792
P,45,T,2001,15,pop,24288
P,45,T,2001,27,pop,6490
P,45,T,2001,32,pop,6227
P,45,T,2001,36,pop,12787
P,45,T,2011,T,pop,55621
P,45,T,2011,15,pop,27121
P,45,T,2011,27,pop,6807
P,45,T,2011,32,pop,6395
P,45,T,2011,36,pop,15297
P,45,M,2001,T,pop,24217
P,45,M,2001,15,pop,11587
P,45,M,2001,27,pop,3145
P,45,M,2001,32,pop,3059
P,45,M,2001,36,pop,6426
P,45,M,2011,T,pop,27337
P,45,M,2011,15,pop,13262
P,45,M,2011,27,pop,3041
P,45,M,2011,32,pop,3058
P,45,M,2011,36,pop,7976
P,45,F,2001,T,pop,25575
P,45,F,2001,15,pop,12701
P,45,F,2001,27,pop,3345
P,45,F,2001,32,pop,3168
P,45,F,2001,36,pop,6361
P,45,F,2011,T,pop,28285
P,45,F,2011,15,pop,13860
P,45,F,2011,27,pop,3766
P,45,F,2011,32,pop,3337
P,45,F,2011,36,pop,7322
P,50,T,2001,T,pop,46709
P,50,T,2001,15,pop,23097
P,50,T,2001,27,pop,5681
P,50,T,2001,32,pop,6242
P,50,T,2001,36,pop,11689
P,50,T,2011,T,pop,56388
P,50,T,2011,15,pop,27116
P,50,T,2011,27,pop,7242
P,50,T,2011,32,pop,7224
P,50,T,2011,36,pop,14805
P,50,M,2001,T,pop,22635
P,50,M,2001,15,pop,10941
P,50,M,2001,27,pop,2716
P,50,M,2001,32,pop,3013
P,50,M,2001,36,pop,5965
P,50,M,2011,T,pop,27226
P,50,M,2011,15,pop,12895
P,50,M,2011,27,pop,3367
P,50,M,2011,32,pop,3485
P,50,M,2011,36,pop,7479
P,50,F,2001,T,pop,24074
P,50,F,2001,15,pop,12156
P,50,F,2001,27,pop,2965
P,50,F,2001,32,pop,3229
P,50,F,2001,36,pop,5724
P,50,F,2011,T,pop,29162
P,50,F,2011,15,pop,14221
P,50,F,2011,27,pop,3875
P,50,F,2011,32,pop,3739
P,50,F,2011,36,pop,7326
P,55,T,2001,T,pop,44418
P,55,T,2001,15,pop,22025
P,55,T,2001,27,pop,5529
P,55,T,2001,32,pop,6398
P,55,T,2001,36,pop,10466
P,55,T,2011,T,pop,50526
P,55,T,2011,15,pop,24560
P,55,T,2011,27,pop,6562
P,55,T,2011,32,pop,6357
P,55,T,2011,36,pop,13046
P,55,M,2001,T,pop,21535
P,55,M,2001,15,pop,10531
P,55,M,2001,27,pop,2571
P,55,M,2001,32,pop,3133
P,55,M,2001,36,pop,5300
P,55,M,2011,T,pop,24573
P,55,M,2011,15,pop,11662
P,55,M,2011,27,pop,3195
P,55,M,2011,32,pop,3124
P,55,M,2011,36,pop,6592
P,55,F,2001,T,pop,22883
P,55,F,2001,15,pop,11494
P,55,F,2001,27,pop,2958
P,55,F,2001,32,pop,3265
P,55,F,2001,36,pop,5166
P,55,F,2011,T,pop,25953
P,55,F,2011,15,pop,12898
P,55,F,2011,27,pop,3367
P,55,F,2011,32,pop,3233
P,55,F,2011,36,pop,6454
P,60,T,2001,T,pop,35681
P,60,T,2001,15,pop,17689
P,60,T,2001,27,pop,4960
P,60,T,2001,32,pop,5422
P,60,T,2001,36,pop,7610
P,60,T,2011,T,pop,47077
P,60,T,2011,15,pop,23093
P,60,T,2011,27,pop,5663
P,60,T,2011,32,pop,6483
P,60,T,2011,36,pop,11838
P,60,M,2001,T,pop,17116
P,60,M,2001,15,pop,8473
P,60,M,2001,27,pop,2206
P,60,M,2001,32,pop,2582
P,60,M,2001,36,pop,3855
P,60,M,2011,T,pop,22563
P,60,M,2011,15,pop,10774
P,60,M,2011,27,pop,2684
P,60,M,2011,32,pop,3104
P,60,M,2011,36,pop,6001
P,60,F,2001,T,pop,18565
P,60,F,2001,15,pop,9216
P,60,F,2001,27,pop,2754
P,60,F,2001,32,pop,2840
P,60,F,2001,36,pop,3755
P,60,F,2011,T,pop,24514
P,60,F,2011,15,pop,12319
P,60,F,2011,27,pop,2979
P,60,F,2011,32,pop,3379
P,60,F,2011,36,pop,5837
P,65,T,2001,T,pop,41885
P,65,T,2001,15,pop,20090
P,65,T,2001,27,pop,6337
P,65,T,2001,32,pop,6775
P,65,T,2001,36,pop,8683
P,65,T,2011,T,pop,44252
P,65,T,2011,15,pop,21642
P,65,T,2011,27,pop,5598
P,65,T,2011,32,pop,6729
P,65,T,2011,36,pop,10284
P,65,M,2001,T,pop,19429
P,65,M,2001,15,pop,9237
P,65,M,2001,27,pop,2766
P,65,M,2001,32,pop,3211
P,65,M,2001,36,pop,4215
P,65,M,2011,T,pop,20966
P,65,M,2011,15,pop,10168
P,65,M,2011,27,pop,2530
P,65,M,2011,32,pop,3200
P,65,M,2011,36,pop,5068
P,65,F,2001,T,pop,22456
P,65,F,2001,15,pop,10853
P,65,F,2001,27,pop,3571
P,65,F,2001,32,pop,3564
P,65,F,2001,36,pop,4468
P,65,F,2011,T,pop,23286
P,65,F,2011,15,pop,11474
P,65,F,2011,27,pop,3068
P,65,F,2011,32,pop,3529
P,65,F,2011,36,pop,5216
P,70,T,2001,T,pop,33087
P,70,T,2001,15,pop,15658
P,70,T,2001,27,pop,5560
P,70,T,2001,32,pop,5431
P,70,T,2001,36,pop,6438
P,70,T,2011,T,pop,34168
P,70,T,2011,15,pop,16583
P,70,T,2011,27,pop,4853
P,70,T,2011,32,pop,5447
P,70,T,2011,36,pop,7284
P,70,M,2001,T,pop,14602
P,70,M,2001,15,pop,6847
P,70,M,2001,27,pop,2328
P,70,M,2001,32,pop,2524
P,70,M,2001,36,pop,2903
P,70,M,2011,T,pop,15764
P,70,M,2011,15,pop,7608
P,70,M,2011,27,pop,2094
P,70,M,2011,32,pop,2534
P,70,M,2011,36,pop,3529
P,70,F,2001,T,pop,18485
P,70,F,2001,15,pop,8811
P,70,F,2001,27,pop,3232
P,70,F,2001,32,pop,2907
P,70,F,2001,36,pop,3535
P,70,F,2011,T,pop,18403
P,70,F,2011,15,pop,8975
P,70,F,2011,27,pop,2760
P,70,F,2011,32,pop,2913
P,70,F,2011,36,pop,3755
P,75,T,2001,T,pop,24891
P,75,T,2001,15,pop,11252
P,75,T,2001,27,pop,4689
P,75,T,2001,32,pop,4318
P,75,T,2001,36,pop,4632
P,75,T,2011,T,pop,37086
P,75,T,2011,15,pop,17472
P,75,T,2011,27,pop,5672
P,75,T,2011,32,pop,6328
P,75,T,2011,36,pop,7614
P,75,M,2001,T,pop,10063
P,75,M,2001,15,pop,4417
P,75,M,2001,27,pop,1838
P,75,M,2001,32,pop,1886
P,75,M,2001,36,pop,1922
P,75,M,2011,T,pop,15992
P,75,M,2011,15,pop,7433
P,75,M,2011,27,pop,2327
P,75,M,2011,32,pop,2866
P,75,M,2011,36,pop,3366
P,75,F,2001,T,pop,14828
P,75,F,2001,15,pop,6835
P,75,F,2001,27,pop,2851
P,75,F,2001,32,pop,2432
P,75,F,2001,36,pop,2710
P,75,F,2011,T,pop,21093
P,75,F,2011,15,pop,10038
P,75,F,2011,27,pop,3346
P,75,F,2011,32,pop,3462
P,75,F,2011,36,pop,4247
P,80,T,2001,T,pop,17048
P,80,T,2001,15,pop,7543
P,80,T,2001,27,pop,3257
P,80,T,2001,32,pop,3041
P,80,T,2001,36,pop,3207
P,80,T,2011,T,pop,26180
P,80,T,2011,15,pop,11985
P,80,T,2011,27,pop,4481
P,80,T,2011,32,pop,4588
P,80,T,2011,36,pop,5127
P,80,M,2001,T,pop,6059
P,80,M,2001,15,pop,2540
P,80,M,2001,27,pop,1171
P,80,M,2001,32,pop,1197
P,80,M,2001,36,pop,1151
P,80,M,2011,T,pop,10211
P,80,M,2011,15,pop,4627
P,80,M,2011,27,pop,1646
P,80,M,2011,32,pop,1944
P,80,M,2011,36,pop,1994
P,80,F,2001,T,pop,10989
P,80,F,2001,15,pop,5003
P,80,F,2001,27,pop,2086
P,80,F,2001,32,pop,1844
P,80,F,2001,36,pop,2056
P,80,F,2011,T,pop,15970
P,80,F,2011,15,pop,7359
P,80,F,2011,27,pop,2835
P,80,F,2011,32,pop,2644
P,80,F,2011,36,pop,3133
P,85,T,2001,T,pop,9488
P,85,T,2001,15,pop,4063
P,85,T,2001,27,pop,1757
P,85,T,2001,32,pop,1837
P,85,T,2001,36,pop,1831
P,85,T,2011,T,pop,15409
P,85,T,2011,15,pop,6532
P,85,T,2011,27,pop,2900
P,85,T,2011,32,pop,2969
P,85,T,2011,36,pop,3008
P,85,M,2001,T,pop,3049
P,85,M,2001,15,pop,1331
P,85,M,2001,27,pop,570
P,85,M,2001,32,pop,627
P,85,M,2001,36,pop,521
P,85,M,2011,T,pop,5141
P,85,M,2011,15,pop,2122
P,85,M,2011,27,pop,971
P,85,M,2011,32,pop,1078
P,85,M,2011,36,pop,970
P,85,F,2001,T,pop,6439
P,85,F,2001,15,pop,2732
P,85,F,2001,27,pop,1187
P,85,F,2001,32,pop,1210
P,85,F,2001,36,pop,1310
P,85,F,2011,T,pop,10268
P,85,F,2011,15,pop,4410
P,85,F,2011,27,pop,1929
P,85,F,2011,32,pop,1890
P,85,F,2011,36,pop,2038
P,90,T,2001,T,pop,3167
P,90,T,2001,15,pop,1350
P,90,T,2001,27,pop,624
P,90,T,2001,32,pop,673
P,90,T,2001,36,pop,520
P,90,T,2011,T,pop,6571
P,90,T,2011,15,pop,2733
P,90,T,2011,27,pop,1279
P,90,T,2011,32,pop,1310
P,90,T,2011,36,pop,1250
P,90,M,2001,T,pop,959
P,90,M,2001,15,pop,405
P,90,M,2001,27,pop,214
P,90,M,2001,32,pop,209
P,90,M,2001,36,pop,131
P,90,M,2011,T,pop,1829
P,90,M,2011,15,pop,682
P,90,M,2011,27,pop,383
P,90,M,2011,32,pop,419
P,90,M,2011,36,pop,346
P,90,F,2001,T,pop,2596
P,90,F,2001,15,pop,1111
P,90,F,2001,27,pop,482
P,90,F,2001,32,pop,542
P,90,F,2001,36,pop,461
P,90,F,2011,T,pop,4742
P,90,F,2011,15,pop,2051
P,90,F,2011,27,pop,896
P,90,F,2011,32,pop,891
P,90,F,2011,36,pop,904
P,95,T,2001,T,pop,783
P,95,T,2001,15,pop,358
P,95,T,2001,27,pop,165
P,95,T,2001,32,pop,156
P,95,T,2001,36,pop,104
P,95,T,2011,T,pop,1699
P,95,T,2011,15,pop,650
P,95,T,2011,27,pop,334
P,95,T,2011,32,pop,366
P,95,T,2011,36,pop,349
P,95,M,2001,T,pop,174
P,95,M,2001,15,pop,69
P,95,M,2001,27,pop,46
P,95,M,2001,32,pop,42
P,95,M,2001,36,pop,17
P,95,M,2011,T,pop,435
P,95,M,2011,15,pop,176
P,95,M,2011,27,pop,94
P,95,M,2011,32,pop,90
P,95,M,2011,36,pop,75
P,95,F,2001,T,pop,609
P,95,F,2001,15,pop,289
P,95,F,2001,27,pop,119
P,95,F,2001,32,pop,114
P,95,F,2001,36,pop,87
P,95,F,2011,T,pop,1264
P,95,F,2011,15,pop,474
P,95,F,2011,27,pop,241
P,95,F,2011,32,pop,275
P,95,F,2011,36,pop,274
P,100,T,2001,T,pop,83
P,100,T,2001,15,pop,35
P,100,T,2001,27,pop,19
P,100,T,2001,32,pop,10
P,100,T,2001,36,pop,19
P,100,T,2011,T,pop,235
P,100,T,2011,15,pop,84
P,100,T,2011,27,pop,46
P,100,T,2011,32,pop,50
P,100,T,2011,36,pop,54
P,100,M,2001,T,pop,22
P,100,M,2001,15,pop,7
P,100,M,2001,27,pop,5
P,100,M,2001,32,pop,1
P,100,M,2001,36,pop,9
P,100,M,2011,T,pop,39
P,100,M,2011,15,pop,14
P,100,M,2011,27,pop,13
P,100,M,2011,32,pop,5
P,100,M,2011,36,pop,7
P,100,F,2001,T,pop,61
P,100,F,2001,15,pop,28
P,100,F,2001,27,pop,14
P,100,F,2001,32,pop,9
P,100,F,2001,36,pop,10
P,100,F,2011,T,pop,196
P,100,F,2011,15,pop,70
P,100,F,2011,27,pop,33
P,100,F,2011,32,pop,46
P,100,F,2011,36,pop,47
G,T,T,2001,T,pop,172017
G,T,T,2001,15,pop,71470
G,T,T,2001,27,pop,15074
G,T,T,2001,32,pop,17219
G,T,T,2001,36,pop,68254
G,T,T,2011,T,pop,180546
G,T,T,2011,15,pop,76593
G,T,T,2011,27,pop,16473
G,T,T,2011,32,pop,17481
G,T,T,2011,36,pop,69999
G,T,M,2001,T,pop,80214
G,T,M,2001,15,pop,33060
G,T,M,2001,27,pop,6985
G,T,M,2001,32,pop,8056
G,T,M,2001,36,pop,32113
G,T,M,2011,T,pop,84109
G,T,M,2011,15,pop,35227
G,T,M,2011,27,pop,7718
G,T,M,2011,32,pop,8220
G,T,M,2011,36,pop,32943
G,T,F,2001,T,pop,91803
G,T,F,2001,15,pop,38410
G,T,F,2001,27,pop,8089
G,T,F,2001,32,pop,9163
G,T,F,2001,36,pop,36141
G,T,F,2011,T,pop,96437
G,T,F,2011,15,pop,41365
G,T,F,2011,27,pop,8756
G,T,F,2011,32,pop,9261
G,T,F,2011,36,pop,37056
G,0,T,2001,T,pop,1612
G,0,T,2001,15,pop,522
G,0,T,2001,27,pop,266
G,0,T,2001,32,pop,242
G,0,T,2001,36,pop,582
G,0,T,2011,T,pop,1732
G,0,T,2011,15,pop,645
G,0,T,2011,27,pop,257
G,0,T,2011,32,pop,249
G,0,T,2011,36,pop,581
G,0,M,2001,T,pop,824
G,0,M,2001,15,pop,269
G,0,M,2001,27,pop,133
G,0,M,2001,32,pop,115
G,0,M,2001,36,pop,307
G,0,M,2011,T,pop,912
G,0,M,2011,15,pop,341
G,0,M,2011,27,pop,141
G,0,M,2011,32,pop,125
G,0,M,2011,36,pop,305
G,0,F,2001,T,pop,788
G,0,F,2001,15,pop,253
G,0,F,2001,27,pop,133
G,0,F,2001,32,pop,127
G,0,F,2001,36,pop,275
G,0,F,2011,T,pop,820
G,0,F,2011,15,pop,305
G,0,F,2011,27,pop,116
G,0,F,2011,32,pop,124
G,0,F,2011,36,pop,276
G,5,T,2001,T,pop,2308
G,5,T,2001,15,pop,813
G,5,T,2001,27,pop,320
G,5,T,2001,32,pop,324
G,5,T,2001,36,pop,851
G,5,T,2011,T,pop,2306
G,5,T,2011,15,pop,848
G,5,T,2011,27,pop,340
G,5,T,2011,32,pop,324
G,5,T,2011,36,pop,794
G,5,M,2001,T,pop,1181
G,5,M,2001,15,pop,422
G,5,M,2001,27,pop,168
G,5,M,2001,32,pop,168
G,5,M,2001,36,pop,423
G,5,M,2011,T,pop,1185
G,5,M,2011,15,pop,430
G,5,M,2011,27,pop,177
G,5,M,2011,32,pop,167
G,5,M,2011,36,pop,410
G,5,F,2001,T,pop,1127
G,5,F,2001,15,pop,391
G,5,F,2001,27,pop,152
G,5,F,2001,32,pop,156
G,5,F,2001,36,pop,428
G,5,F,2011,T,pop,1121
G,5,F,2011,15,pop,417
G,5,F,2011,27,pop,163
G,5,F,2011,32,pop,156
G,5,F,2011,36,pop,384
G,10,T,2001,T,pop,3202
G,10,T,2001,15,pop,1104
G,10,T,2001,27,pop,456
G,10,T,2001,32,pop,390
G,10,T,2001,36,pop,1252
G,10,T,2011,T,pop,2472
G,10,T,2011,15,pop,912
G,10,T,2011,27,pop,346
G,10,T,2011,32,pop,334
G,10,T,2011,36,pop,880
G,10,M,2001,T,pop,1622
G,10,M,2001,15,pop,558
G,10,M,2001,27,pop,230
G,10,M,2001,32,pop,196
G,10,M,2001,36,pop,638
G,10,M,2011,T,pop,1255
G,10,M,2011,15,pop,466
G,10,M,2011,27,pop,170
G,10,M,2011,32,pop,166
G,10,M,2011,36,pop,452
G,10,F,2001,T,pop,1580
G,10,F,2001,15,pop,546
G,10,F,2001,27,pop,226
G,10,F,2001,32,pop,194
G,10,F,2001,36,pop,614
G,10,F,2011,T,pop,1217
G,10,F,2011,15,pop,446
G,10,F,2011,27,pop,176
G,10,F,2011,32,pop,167
G,10,F,2011,36,pop,428
G,15,T,2001,T,pop,4648
G,15,T,2001,15,pop,1707
G,15,T,2001,27,pop,637
G,15,T,2001,32,pop,452
G,15,T,2001,36,pop,1852
G,15,T,2011,T,pop,2841
G,15,T,2011,15,pop,1057
G,15,T,2011,27,pop,380
G,15,T,2011,32,pop,390
G,15,T,2011,36,pop,1015
G,15,M,2001,T,pop,2338
G,15,M,2001,15,pop,836
G,15,M,2001,27,pop,326
G,15,M,2001,32,pop,218
G,15,M,2001,36,pop,958
G,15,M,2011,T,pop,1463
G,15,M,2011,15,pop,536
G,15,M,2011,27,pop,195
G,15,M,2011,32,pop,213
G,15,M,2011,36,pop,519
G,15,F,2001,T,pop,2310
G,15,F,2001,15,pop,871
G,15,F,2001,27,pop,311
G,15,F,2001,32,pop,234
G,15,F,2001,36,pop,894
G,15,F,2011,T,pop,1378
G,15,F,2011,15,pop,521
G,15,F,2011,27,pop,185
G,15,F,2011,32,pop,177
G,15,F,2011,36,pop,495
G,20,T,2001,T,pop,7123
G,20,T,2001,15,pop,2539
G,20,T,2001,27,pop,959
G,20,T,2001,32,pop,815
G,20,T,2001,36,pop,2810
G,20,T,2011,T,pop,3918
G,20,T,2011,15,pop,1494
G,20,T,2011,27,pop,541
G,20,T,2011,32,pop,480
G,20,T,2011,36,pop,1404
G,20,M,2001,T,pop,3481
G,20,M,2001,15,pop,1185
G,20,M,2001,27,pop,502
G,20,M,2001,32,pop,392
G,20,M,2001,36,pop,1402
G,20,M,2011,T,pop,1934
G,20,M,2011,15,pop,723
G,20,M,2011,27,pop,276
G,20,M,2011,32,pop,243
G,20,M,2011,36,pop,692
G,20,F,2001,T,pop,3642
G,20,F,2001,15,pop,1354
G,20,F,2001,27,pop,457
G,20,F,2001,32,pop,423
G,20,F,2001,36,pop,1408
G,20,F,2011,T,pop,1985
G,20,F,2011,15,pop,771
G,20,F,2011,27,pop,265
G,20,F,2011,32,pop,237
G,20,F,2011,36,pop,712
G,25,T,2001,T,pop,8925
G,25,T,2001,15,pop,3540
G,25,T,2001,27,pop,1042
G,25,T,2001,32,pop,934
G,25,T,2001,36,pop,3409
G,25,T,2011,T,pop,6761
G,25,T,2011,15,pop,2811
G,25,T,2011,27,pop,859
G,25,T,2011,32,pop,675
G,25,T,2011,36,pop,2415
G,25,M,2001,T,pop,4213
G,25,M,2001,15,pop,1636
G,25,M,2001,27,pop,477
G,25,M,2001,32,pop,431
G,25,M,2001,36,pop,1669
G,25,M,2011,T,pop,3246
G,25,M,2011,15,pop,1281
G,25,M,2011,27,pop,437
G,25,M,2011,32,pop,328
G,25,M,2011,36,pop,1201
G,25,F,2001,T,pop,4712
G,25,F,2001,15,pop,1904
G,25,F,2001,27,pop,565
G,25,F,2001,32,pop,503
G,25,F,2001,36,pop,1740
G,25,F,2011,T,pop,3515
G,25,F,2011,15,pop,1530
G,25,F,2011,27,pop,423
G,25,F,2011,32,pop,348
G,25,F,2011,36,pop,1215
G,30,T,2001,T,pop,11458
G,30,T,2001,15,pop,4998
G,30,T,2001,27,pop,1215
G,30,T,2001,32,pop,1099
G,30,T,2001,36,pop,4146
G,30,T,2011,T,pop,11647
G,30,T,2011,15,pop,4902
G,30,T,2011,27,pop,1459
G,30,T,2011,32,pop,1113
G,30,T,2011,36,pop,4173
G,30,M,2001,T,pop,5297
G,30,M,2001,15,pop,2312
G,30,M,2001,27,pop,535
G,30,M,2001,32,pop,506
G,30,M,2001,36,pop,1944
G,30,M,2011,T,pop,5549
G,30,M,2011,15,pop,2280
G,30,M,2011,27,pop,737
G,30,M,2011,32,pop,528
G,30,M,2011,36,pop,2005
G,30,F,2001,T,pop,6161
G,30,F,2001,15,pop,2686
G,30,F,2001,27,pop,680
G,30,F,2001,32,pop,593
G,30,F,2001,36,pop,2202
G,30,F,2011,T,pop,6097
G,30,F,2011,15,pop,2622
G,30,F,2011,27,pop,722
G,30,F,2011,32,pop,585
G,30,F,2011,36,pop,2168
G,35,T,2001,T,pop,13989
G,35,T,2001,15,pop,6387
G,35,T,2001,27,pop,1293
G,35,T,2001,32,pop,1351
G,35,T,2001,36,pop,4958
G,35,T,2011,T,pop,14114
G,35,T,2011,15,pop,6070
G,35,T,2011,27,pop,1573
G,35,T,2011,32,pop,1301
G,35,T,2011,36,pop,5169
G,35,M,2001,T,pop,6502
G,35,M,2001,15,pop,2924
G,35,M,2001,27,pop,596
G,35,M,2001,32,pop,621
G,35,M,2001,36,pop,2361
G,35,M,2011,T,pop,6728
G,35,M,2011,15,pop,2790
G,35,M,2011,27,pop,752
G,35,M,2011,32,pop,609
G,35,M,2011,36,pop,2578
G,35,F,2001,T,pop,7487
G,35,F,2001,15,pop,3463
G,35,F,2001,27,pop,697
G,35,F,2001,32,pop,730
G,35,F,2001,36,pop,2597
G,35,F,2011,T,pop,7385
G,35,F,2011,15,pop,3280
G,35,F,2011,27,pop,822
G,35,F,2011,32,pop,692
G,35,F,2011,36,pop,2591
G,40,T,2001,T,pop,15662
G,40,T,2001,15,pop,6864
G,40,T,2001,27,pop,1328
G,40,T,2001,32,pop,1578
G,40,T,2001,36,pop,5892
G,40,T,2011,T,pop,14639
G,40,T,2011,15,pop,6650
G,40,T,2011,27,pop,1454
G,40,T,2011,32,pop,1285
G,40,T,2011,36,pop,5250
G,40,M,2001,T,pop,7283
G,40,M,2001,15,pop,3252
G,40,M,2001,27,pop,632
G,40,M,2001,32,pop,712
G,40,M,2001,36,pop,2687
G,40,M,2011,T,pop,7029
G,40,M,2011,15,pop,3178
G,40,M,2011,27,pop,659
G,40,M,2011,32,pop,621
G,40,M,2011,36,pop,2570
G,40,F,2001,T,pop,8379
G,40,F,2001,15,pop,3612
G,40,F,2001,27,pop,696
G,40,F,2001,32,pop,866
G,40,F,2001,36,pop,3205
G,40,F,2011,T,pop,7611
G,40,F,2011,15,pop,3472
G,40,F,2011,27,pop,795
G,40,F,2011,32,pop,664
G,40,F,2011,36,pop,2680
G,45,T,2001,T,pop,16665
G,45,T,2001,15,pop,7089
G,45,T,2001,27,pop,1233
G,45,T,2001,32,pop,1603
G,45,T,2001,36,pop,6740
G,45,T,2011,T,pop,15423
G,45,T,2011,15,pop,7123
G,45,T,2011,27,pop,1448
G,45,T,2011,32,pop,1413
G,45,T,2011,36,pop,5440
G,45,M,2001,T,pop,7838
G,45,M,2001,15,pop,3283
G,45,M,2001,27,pop,590
G,45,M,2001,32,pop,788
G,45,M,2001,36,pop,3177
G,45,M,2011,T,pop,7303
G,45,M,2011,15,pop,3327
G,45,M,2011,27,pop,703
G,45,M,2011,32,pop,647
G,45,M,2011,36,pop,2627
G,45,F,2001,T,pop,8827
G,45,F,2001,15,pop,3806
G,45,F,2001,27,pop,643
G,45,F,2001,32,pop,815
G,45,F,2001,36,pop,3563
G,45,F,2011,T,pop,8120
G,45,F,2011,15,pop,3796
G,45,F,2011,27,pop,745
G,45,F,2011,32,pop,766
G,45,F,2011,36,pop,2813
G,50,T,2001,T,pop,17236
G,50,T,2001,15,pop,7202
G,50,T,2001,27,pop,1088
G,50,T,2001,32,pop,1529
G,50,T,2001,36,pop,7417
G,50,T,2011,T,pop,16186
G,50,T,2011,15,pop,7164
G,50,T,2011,27,pop,1340
G,50,T,2011,32,pop,1569
G,50,T,2011,36,pop,6112
G,50,M,2001,T,pop,8451
G,50,M,2001,15,pop,3476
G,50,M,2001,27,pop,523
G,50,M,2001,32,pop,737
G,50,M,2001,36,pop,3715
G,50,M,2011,T,pop,7597
G,50,M,2011,15,pop,3413
G,50,M,2011,27,pop,636
G,50,M,2011,32,pop,728
G,50,M,2011,36,pop,2821
G,50,F,2001,T,pop,8785
G,50,F,2001,15,pop,3726
G,50,F,2001,27,pop,565
G,50,F,2001,32,pop,792
G,50,F,2001,36,pop,3702
G,50,F,2011,T,pop,8589
G,50,F,2011,15,pop,3752
G,50,F,2011,27,pop,704
G,50,F,2011,32,pop,841
G,50,F,2011,36,pop,3291
G,55,T,2001,T,pop,15844
G,55,T,2001,15,pop,6631
G,55,T,2001,27,pop,977
G,55,T,2001,32,pop,1430
G,55,T,2001,36,pop,6806
G,55,T,2011,T,pop,16713
G,55,T,2011,15,pop,7148
G,55,T,2011,27,pop,1289
G,55,T,2011,32,pop,1607
G,55,T,2011,36,pop,6669
G,55,M,2001,T,pop,7845
G,55,M,2001,15,pop,3222
G,55,M,2001,27,pop,483
G,55,M,2001,32,pop,689
G,55,M,2001,36,pop,3451
G,55,M,2011,T,pop,7855
G,55,M,2011,15,pop,3323
G,55,M,2011,27,pop,619
G,55,M,2011,32,pop,786
G,55,M,2011,36,pop,3127
G,55,F,2001,T,pop,7999
G,55,F,2001,15,pop,3409
G,55,F,2001,27,pop,494
G,55,F,2001,32,pop,741
G,55,F,2001,36,pop,3355
G,55,F,2011,T,pop,8858
G,55,F,2011,15,pop,3825
G,55,F,2011,27,pop,670
G,55,F,2011,32,pop,821
G,55,F,2011,36,pop,3542
G,60,T,2001,T,pop,11867
G,60,T,2001,15,pop,4971
G,60,T,2001,27,pop,798
G,60,T,2001,32,pop,1160
G,60,T,2001,36,pop,4938
G,60,T,2011,T,pop,17003
G,60,T,2011,15,pop,7101
G,60,T,2011,27,pop,1096
G,60,T,2011,32,pop,1524
G,60,T,2011,36,pop,7282
G,60,M,2001,T,pop,5845
G,60,M,2001,15,pop,2443
G,60,M,2001,27,pop,348
G,60,M,2001,32,pop,592
G,60,M,2001,36,pop,2462
G,60,M,2011,T,pop,8224
G,60,M,2011,15,pop,3380
G,60,M,2011,27,pop,522
G,60,M,2011,32,pop,725
G,60,M,2011,36,pop,3598
G,60,F,2001,T,pop,6022
G,60,F,2001,15,pop,2528
G,60,F,2001,27,pop,450
G,60,F,2001,32,pop,568
G,60,F,2001,36,pop,2476
G,60,F,2011,T,pop,8778
G,60,F,2011,15,pop,3722
G,60,F,2011,27,pop,573
G,60,F,2011,32,pop,799
G,60,F,2011,36,pop,3685
G,65,T,2001,T,pop,13161
G,65,T,2001,15,pop,5574
G,65,T,2001,27,pop,1017
G,65,T,2001,32,pop,1295
G,65,T,2001,36,pop,5275
G,65,T,2011,T,pop,15483
G,65,T,2011,15,pop,6459
G,65,T,2011,27,pop,979
G,65,T,2011,32,pop,1397
G,65,T,2011,36,pop,6648
G,65,M,2001,T,pop,6217
G,65,M,2001,15,pop,2603
G,65,M,2001,27,pop,472
G,65,M,2001,32,pop,650
G,65,M,2001,36,pop,2492
G,65,M,2011,T,pop,7539
G,65,M,2011,15,pop,3106
G,65,M,2011,27,pop,471
G,65,M,2011,32,pop,669
G,65,M,2011,36,pop,3293
G,65,F,2001,T,pop,6944
G,65,F,2001,15,pop,2971
G,65,F,2001,27,pop,545
G,65,F,2001,32,pop,645
G,65,F,2001,36,pop,2783
G,65,F,2011,T,pop,7944
G,65,F,2011,15,pop,3353
G,65,F,2011,27,pop,508
G,65,F,2011,32,pop,728
G,65,F,2011,36,pop,3355
G,70,T,2001,T,pop,10285
G,70,T,2001,15,pop,4170
G,70,T,2001,27,pop,883
G,70,T,2001,32,pop,1124
G,70,T,2001,36,pop,4108
G,70,T,2011,T,pop,11235
G,70,T,2011,15,pop,4726
G,70,T,2011,27,pop,803
G,70,T,2011,32,pop,1051
G,70,T,2011,36,pop,4655
G,70,M,2001,T,pop,4600
G,70,M,2001,15,pop,1875
G,70,M,2001,27,pop,383
G,70,M,2001,32,pop,518
G,70,M,2001,36,pop,1824
G,70,M,2011,T,pop,5332
G,70,M,2011,15,pop,2216
G,70,M,2011,27,pop,336
G,70,M,2011,32,pop,521
G,70,M,2011,36,pop,2259
G,70,F,2001,T,pop,5685
G,70,F,2001,15,pop,2295
G,70,F,2001,27,pop,500
G,70,F,2001,32,pop,606
G,70,F,2001,36,pop,2284
G,70,F,2011,T,pop,5902
G,70,F,2011,15,pop,2510
G,70,F,2011,27,pop,467
G,70,F,2011,32,pop,529
G,70,F,2011,36,pop,2396
G,75,T,2001,T,pop,7969
G,75,T,2001,15,pop,3148
G,75,T,2001,27,pop,702
G,75,T,2001,32,pop,843
G,75,T,2001,36,pop,3276
G,75,T,2011,T,pop,11858
G,75,T,2011,15,pop,5053
G,75,T,2011,27,pop,928
G,75,T,2011,32,pop,1119
G,75,T,2011,36,pop,4758
G,75,M,2001,T,pop,3250
G,75,M,2001,15,pop,1288
G,75,M,2001,27,pop,288
G,75,M,2001,32,pop,367
G,75,M,2001,36,pop,1307
G,75,M,2011,T,pop,5188
G,75,M,2011,15,pop,2170
G,75,M,2011,27,pop,409
G,75,M,2011,32,pop,526
G,75,M,2011,36,pop,2084
G,75,F,2001,T,pop,4719
G,75,F,2001,15,pop,1860
G,75,F,2001,27,pop,414
G,75,F,2001,32,pop,476
G,75,F,2001,36,pop,1969
G,75,F,2011,T,pop,6670
G,75,F,2011,15,pop,2883
G,75,F,2011,27,pop,519
G,75,F,2011,32,pop,593
G,75,F,2011,36,pop,2674
G,80,T,2001,T,pop,5349
G,80,T,2001,15,pop,2221
G,80,T,2001,27,pop,462
G,80,T,2001,32,pop,561
G,80,T,2001,36,pop,2105
G,80,T,2011,T,pop,8302
G,80,T,2011,15,pop,3321
G,80,T,2011,27,pop,696
G,80,T,2011,32,pop,864
G,80,T,2011,36,pop,3421
G,80,M,2001,T,pop,1921
G,80,M,2001,15,pop,802
G,80,M,2001,27,pop,176
G,80,M,2001,32,pop,194
G,80,M,2001,36,pop,749
G,80,M,2011,T,pop,3255
G,80,M,2011,15,pop,1298
G,80,M,2011,27,pop,261
G,80,M,2011,32,pop,355
G,80,M,2011,36,pop,1341
G,80,F,2001,T,pop,3428
G,80,F,2001,15,pop,1419
G,80,F,2001,27,pop,286
G,80,F,2001,32,pop,367
G,80,F,2001,36,pop,1356
G,80,F,2011,T,pop,5046
G,80,F,2011,15,pop,2023
G,80,F,2011,27,pop,435
G,80,F,2011,32,pop,509
G,80,F,2011,36,pop,2081
G,85,T,2001,T,pop,3204
G,85,T,2001,15,pop,1356
G,85,T,2001,27,pop,289
G,85,T,2001,32,pop,331
G,85,T,2001,36,pop,1228
G,85,T,2011,T,pop,5098
G,85,T,2011,15,pop,2007
G,85,T,2011,27,pop,442
G,85,T,2011,32,pop,483
G,85,T,2011,36,pop,2167
G,85,M,2001,T,pop,1064
G,85,M,2001,15,pop,479
G,85,M,2001,27,pop,94
G,85,M,2001,32,pop,112
G,85,M,2001,36,pop,379
G,85,M,2011,T,pop,1739
G,85,M,2011,15,pop,666
G,85,M,2011,27,pop,146
G,85,M,2011,32,pop,187
G,85,M,2011,36,pop,741
G,85,F,2001,T,pop,2140
G,85,F,2001,15,pop,877
G,85,F,2001,27,pop,195
G,85,F,2001,32,pop,219
G,85,F,2001,36,pop,849
G,85,F,2011,T,pop,3359
G,85,F,2011,15,pop,1341
G,85,F,2011,27,pop,296
G,85,F,2011,32,pop,296
G,85,F,2011,36,pop,1426
G,90,T,2001,T,pop,1077
G,90,T,2001,15,pop,454
G,90,T,2001,27,pop,81
G,90,T,2001,32,pop,114
G,90,T,2001,36,pop,428
G,90,T,2011,T,pop,2134
G,90,T,2011,15,pop,838
G,90,T,2011,27,pop,189
G,90,T,2011,32,pop,229
G,90,T,2011,36,pop,878
G,90,M,2001,T,pop,368
G,90,M,2001,15,pop,161
G,90,M,2001,27,pop,26
G,90,M,2001,32,pop,40
G,90,M,2001,36,pop,141
G,90,M,2011,T,pop,596
G,90,M,2011,15,pop,232
G,90,M,2011,27,pop,59
G,90,M,2011,32,pop,62
G,90,M,2011,36,pop,244
G,90,F,2001,T,pop,829
G,90,F,2001,15,pop,344
G,90,F,2001,27,pop,64
G,90,F,2001,32,pop,85
G,90,F,2001,36,pop,336
G,90,F,2011,T,pop,1538
G,90,F,2011,15,pop,606
G,90,F,2011,27,pop,130
G,90,F,2011,32,pop,167
G,90,F,2011,36,pop,635
G,95,T,2001,T,pop,283
G,95,T,2001,15,pop,120
G,95,T,2001,27,pop,17
G,95,T,2001,32,pop,28
G,95,T,2001,36,pop,118
G,95,T,2011,T,pop,598
G,95,T,2011,15,pop,244
G,95,T,2011,27,pop,44
G,95,T,2011,32,pop,60
G,95,T,2011,36,pop,250
G,95,M,2001,T,pop,72
G,95,M,2001,15,pop,33
G,95,M,2001,27,pop,2
G,95,M,2001,32,pop,10
G,95,M,2001,36,pop,27
G,95,M,2011,T,pop,153
G,95,M,2011,15,pop,66
G,95,M,2011,27,pop,12
G,95,M,2011,32,pop,11
G,95,M,2011,36,pop,64
G,95,F,2001,T,pop,211
G,95,F,2001,15,pop,87
G,95,F,2001,27,pop,15
G,95,F,2001,32,pop,18
G,95,F,2001,36,pop,91
G,95,F,2011,T,pop,445
G,95,F,2011,15,pop,178
G,95,F,2011,27,pop,32
G,95,F,2011,32,pop,49
G,95,F,2011,36,pop,186
G,100,T,2001,T,pop,30
G,100,T,2001,15,pop,9
G,100,T,2001,27,pop,2
G,100,T,2001,32,pop,5
G,100,T,2001,36,pop,14
G,100,T,2011,T,pop,84
G,100,T,2011,15,pop,21
G,100,T,2011,27,pop,10
G,100,T,2011,32,pop,14
G,100,T,2011,36,pop,39
G,100,M,2001,T,pop,2
G,100,M,2001,15,pop,1
G,100,M,2001,27,pop,1
G,100,M,2001,32,pop,0
G,100,M,2001,36,pop,0
G,100,M,2011,T,pop,26
G,100,M,2011,15,pop,7
G,100,M,2011,27,pop,2
G,100,M,2011,32,pop,4
G,100,M,2011,36,pop,14
G,100,F,2001,T,pop,28
G,100,F,2001,15,pop,8
G,100,F,2001,27,pop,1
G,100,F,2001,32,pop,5
G,100,F,2001,36,pop,14
G,100,F,2011,T,pop,58
G,100,F,2011,15,pop,15
G,100,F,2011,27,pop,8
G,100,F,2011,32,pop,10
G,100,F,2011,36,pop,25
A,T,T,2001,T,pop,122825
A,T,T,2001,15,pop,49780
A,T,T,2001,27,pop,18863
A,T,T,2001,32,pop,16110
A,T,T,2001,36,pop,38072
A,T,T,2011,T,pop,143757
A,T,T,2011,15,pop,59562
A,T,T,2011,27,pop,22097
A,T,T,2011,32,pop,18088
A,T,T,2011,36,pop,44010
A,T,M,2001,T,pop,59608
A,T,M,2001,15,pop,24359
A,T,M,2001,27,pop,8992
A,T,M,2001,32,pop,7657
A,T,M,2001,36,pop,18600
A,T,M,2011,T,pop,70595
A,T,M,2011,15,pop,29459
A,T,M,2011,27,pop,10754
A,T,M,2011,32,pop,8599
A,T,M,2011,36,pop,21783
A,T,F,2001,T,pop,63217
A,T,F,2001,15,pop,25421
A,T,F,2001,27,pop,9871
A,T,F,2001,32,pop,8453
A,T,F,2001,36,pop,19472
A,T,F,2011,T,pop,73162
A,T,F,2011,15,pop,30103
A,T,F,2011,27,pop,11343
A,T,F,2011,32,pop,9489
A,T,F,2011,36,pop,22227
A,0,T,2001,T,pop,1738
A,0,T,2001,15,pop,676
A,0,T,2001,27,pop,226
A,0,T,2001,32,pop,286
A,0,T,2001,36,pop,550
A,0,T,2011,T,pop,2708
A,0,T,2011,15,pop,1162
A,0,T,2011,27,pop,379
A,0,T,2011,32,pop,363
A,0,T,2011,36,pop,803
A,0,M,2001,T,pop,895
A,0,M,2001,15,pop,337
A,0,M,2001,27,pop,119
A,0,M,2001,32,pop,147
A,0,M,2001,36,pop,292
A,0,M,2011,T,pop,1395
A,0,M,2011,15,pop,630
A,0,M,2011,27,pop,182
A,0,M,2011,32,pop,180
A,0,M,2011,36,pop,404
A,0,F,2001,T,pop,843
A,0,F,2001,15,pop,339
A,0,F,2001,27,pop,107
A,0,F,2001,32,pop,139
A,0,F,2001,36,pop,258
A,0,F,2011,T,pop,1312
A,0,F,2011,15,pop,533
A,0,F,2011,27,pop,197
A,0,F,2011,32,pop,183
A,0,F,2011,36,pop,399
A,5,T,2001,T,pop,2601
A,5,T,2001,15,pop,1013
A,5,T,2001,27,pop,341
A,5,T,2001,32,pop,415
A,5,T,2001,36,pop,832
A,5,T,2011,T,pop,4454
A,5,T,2011,15,pop,1849
A,5,T,2011,27,pop,524
A,5,T,2011,32,pop,606
A,5,T,2011,36,pop,1476
A,5,M,2001,T,pop,1305
A,5,M,2001,15,pop,504
A,5,M,2001,27,pop,170
A,5,M,2001,32,pop,214
A,5,M,2001,36,pop,417
A,5,M,2011,T,pop,2265
A,5,M,2011,15,pop,907
A,5,M,2011,27,pop,305
A,5,M,2011,32,pop,302
A,5,M,2011,36,pop,752
A,5,F,2001,T,pop,1296
A,5,F,2001,15,pop,509
A,5,F,2001,27,pop,171
A,5,F,2001,32,pop,201
A,5,F,2001,36,pop,415
A,5,F,2011,T,pop,2189
A,5,F,2011,15,pop,942
A,5,F,2011,27,pop,219
A,5,F,2011,32,pop,304
A,5,F,2011,36,pop,724
A,10,T,2001,T,pop,3829
A,10,T,2001,15,pop,1439
A,10,T,2001,27,pop,548
A,10,T,2001,32,pop,597
A,10,T,2001,36,pop,1245
A,10,T,2011,T,pop,3961
A,10,T,2011,15,pop,1572
A,10,T,2011,27,pop,502
A,10,T,2011,32,pop,529
A,10,T,2011,36,pop,1359
A,10,M,2001,T,pop,1941
A,10,M,2001,15,pop,711
A,10,M,2001,27,pop,302
A,10,M,2001,32,pop,306
A,10,M,2001,36,pop,622
A,10,M,2011,T,pop,2044
A,10,M,2011,15,pop,788
A,10,M,2011,27,pop,270
A,10,M,2011,32,pop,272
A,10,M,2011,36,pop,714
A,10,F,2001,T,pop,1888
A,10,F,2001,15,pop,728
A,10,F,2001,27,pop,246
A,10,F,2001,32,pop,291
A,10,F,2001,36,pop,623
A,10,F,2011,T,pop,1917
A,10,F,2011,15,pop,784
A,10,F,2011,27,pop,232
A,10,F,2011,32,pop,257
A,10,F,2011,36,pop,645
A,15,T,2001,T,pop,5432
A,15,T,2001,15,pop,2126
A,15,T,2001,27,pop,899
A,15,T,2001,32,pop,849
A,15,T,2001,36,pop,1558
A,15,T,2011,T,pop,3747
A,15,T,2011,15,pop,1500
A,15,T,2011,27,pop,513
A,15,T,2011,32,pop,545
A,15,T,2011,36,pop,1189
A,15,M,2001,T,pop,2799
A,15,M,2001,15,pop,1122
A,15,M,2001,27,pop,455
A,15,M,2001,32,pop,438
A,15,M,2001,36,pop,784
A,15,M,2011,T,pop,1885
A,15,M,2011,15,pop,723
A,15,M,2011,27,pop,278
A,15,M,2011,32,pop,278
A,15,M,2011,36,pop,606
A,15,F,2001,T,pop,2633
A,15,F,2001,15,pop,1004
A,15,F,2001,27,pop,444
A,15,F,2001,32,pop,411
A,15,F,2001,36,pop,774
A,15,F,2011,T,pop,1862
A,15,F,2011,15,pop,778
A,15,F,2011,27,pop,234
A,15,F,2011,32,pop,268
A,15,F,2011,36,pop,583
A,20,T,2001,T,pop,9395
A,20,T,2001,15,pop,3602
A,20,T,2001,27,pop,1746
A,20,T,2001,32,pop,1460
A,20,T,2001,36,pop,2587
A,20,T,2011,T,pop,4903
A,20,T,2011,15,pop,1917
A,20,T,2011,27,pop,734
A,20,T,2011,32,pop,717
A,20,T,2011,36,pop,1535
A,20,M,2001,T,pop,4704
A,20,M,2001,15,pop,1759
A,20,M,2001,27,pop,897
A,20,M,2001,32,pop,705
A,20,M,2001,36,pop,1343
A,20,M,2011,T,pop,2337
A,20,M,2011,15,pop,890
A,20,M,2011,27,pop,369
A,20,M,2011,32,pop,331
A,20,M,2011,36,pop,748
A,20,F,2001,T,pop,4691
A,20,F,2001,15,pop,1843
A,20,F,2001,27,pop,849
A,20,F,2001,32,pop,755
A,20,F,2001,36,pop,1244
A,20,F,2011,T,pop,2565
A,20,F,2011,15,pop,1027
A,20,F,2011,27,pop,365
A,20,F,2011,32,pop,386
A,20,F,2011,36,pop,788
A,25,T,2001,T,pop,11663
A,25,T,2001,15,pop,4640
A,25,T,2001,27,pop,2120
A,25,T,2001,32,pop,1573
A,25,T,2001,36,pop,3330
A,25,T,2011,T,pop,7583
A,25,T,2011,15,pop,3184
A,25,T,2011,27,pop,1240
A,25,T,2011,32,pop,1055
A,25,T,2011,36,pop,2104
A,25,M,2001,T,pop,5621
A,25,M,2001,15,pop,2212
A,25,M,2001,27,pop,1017
A,25,M,2001,32,pop,765
A,25,M,2001,36,pop,1627
A,25,M,2011,T,pop,3582
A,25,M,2011,15,pop,1509
A,25,M,2011,27,pop,577
A,25,M,2011,32,pop,504
A,25,M,2011,36,pop,993
A,25,F,2001,T,pop,6042
A,25,F,2001,15,pop,2428
A,25,F,2001,27,pop,1103
A,25,F,2001,32,pop,808
A,25,F,2001,36,pop,1703
A,25,F,2011,T,pop,4001
A,25,F,2011,15,pop,1675
A,25,F,2011,27,pop,663
A,25,F,2011,32,pop,551
A,25,F,2011,36,pop,1112
A,30,T,2001,T,pop,12048
A,30,T,2001,15,pop,4991
A,30,T,2001,27,pop,2054
A,30,T,2001,32,pop,1580
A,30,T,2001,36,pop,3423
A,30,T,2011,T,pop,13181
A,30,T,2011,15,pop,5520
A,30,T,2011,27,pop,2308
A,30,T,2011,32,pop,1731
A,30,T,2011,36,pop,3622
A,30,M,2001,T,pop,5757
A,30,M,2001,15,pop,2398
A,30,M,2001,27,pop,937
A,30,M,2001,32,pop,741
A,30,M,2001,36,pop,1681
A,30,M,2011,T,pop,6462
A,30,M,2011,15,pop,2652
A,30,M,2011,27,pop,1160
A,30,M,2011,32,pop,827
A,30,M,2011,36,pop,1823
A,30,F,2001,T,pop,6291
A,30,F,2001,15,pop,2593
A,30,F,2001,27,pop,1117
A,30,F,2001,32,pop,839
A,30,F,2001,36,pop,1742
A,30,F,2011,T,pop,6719
A,30,F,2011,15,pop,2868
A,30,F,2011,27,pop,1148
A,30,F,2011,32,pop,904
A,30,F,2011,36,pop,1799
A,35,T,2001,T,pop,12182
A,35,T,2001,15,pop,5178
A,35,T,2001,27,pop,1881
A,35,T,2001,32,pop,1590
A,35,T,2001,36,pop,3533
A,35,T,2011,T,pop,15804
A,35,T,2011,15,pop,6590
A,35,T,2011,27,pop,2706
A,35,T,2011,32,pop,1849
A,35,T,2011,36,pop,4660
A,35,M,2001,T,pop,5829
A,35,M,2001,15,pop,2540
A,35,M,2001,27,pop,889
A,35,M,2001,32,pop,721
A,35,M,2001,36,pop,1679
A,35,M,2011,T,pop,7876
A,35,M,2011,15,pop,3319
A,35,M,2011,27,pop,1320
A,35,M,2011,32,pop,914
A,35,M,2011,36,pop,2323
A,35,F,2001,T,pop,6353
A,35,F,2001,15,pop,2638
A,35,F,2001,27,pop,992
A,35,F,2001,32,pop,869
A,35,F,2001,36,pop,1854
A,35,F,2011,T,pop,7928
A,35,F,2011,15,pop,3271
A,35,F,2011,27,pop,1386
A,35,F,2011,32,pop,935
A,35,F,2011,36,pop,2337
A,40,T,2001,T,pop,11575
A,40,T,2001,15,pop,4874
A,40,T,2001,27,pop,1709
A,40,T,2001,32,pop,1475
A,40,T,2001,36,pop,3517
A,40,T,2011,T,pop,14802
A,40,T,2011,15,pop,6290
A,40,T,2011,27,pop,2499
A,40,T,2011,32,pop,1773
A,40,T,2011,36,pop,4240
A,40,M,2001,T,pop,5613
A,40,M,2001,15,pop,2411
A,40,M,2001,27,pop,792
A,40,M,2001,32,pop,660
A,40,M,2001,36,pop,1750
A,40,M,2011,T,pop,7382
A,40,M,2011,15,pop,3139
A,40,M,2011,27,pop,1187
A,40,M,2011,32,pop,856
A,40,M,2011,36,pop,2200
A,40,F,2001,T,pop,5962
A,40,F,2001,15,pop,2463
A,40,F,2001,27,pop,917
A,40,F,2001,32,pop,815
A,40,F,2001,36,pop,1767
A,40,F,2011,T,pop,7420
A,40,F,2011,15,pop,3151
A,40,F,2011,27,pop,1312
A,40,F,2011,32,pop,917
A,40,F,2011,36,pop,2040
A,45,T,2001,T,pop,10061
A,45,T,2001,15,pop,4063
A,45,T,2001,27,pop,1460
A,45,T,2001,32,pop,1208
A,45,T,2001,36,pop,3330
A,45,T,2011,T,pop,13537
A,45,T,2011,15,pop,5848
A,45,T,2011,27,pop,2099
A,45,T,2011,32,pop,1703
A,45,T,2011,36,pop,3887
A,45,M,2001,T,pop,5070
A,45,M,2001,15,pop,2092
A,45,M,2001,27,pop,764
A,45,M,2001,32,pop,587
A,45,M,2001,36,pop,1627
A,45,M,2011,T,pop,6739
A,45,M,2011,15,pop,2983
A,45,M,2011,27,pop,1011
A,45,M,2011,32,pop,809
A,45,M,2011,36,pop,1935
A,45,F,2001,T,pop,4991
A,45,F,2001,15,pop,1971
A,45,F,2001,27,pop,696
A,45,F,2001,32,pop,621
A,45,F,2001,36,pop,1703
A,45,F,2011,T,pop,6798
A,45,F,2011,15,pop,2864
A,45,F,2011,27,pop,1088
A,45,F,2011,32,pop,894
A,45,F,2011,36,pop,1952
A,50,T,2001,T,pop,9263
A,50,T,2001,15,pop,3856
A,50,T,2001,27,pop,1201
A,50,T,2001,32,pop,1056
A,50,T,2001,36,pop,3150
A,50,T,2011,T,pop,12243
A,50,T,2011,15,pop,5216
A,50,T,2011,27,pop,1850
A,50,T,2011,32,pop,1495
A,50,T,2011,36,pop,3681
A,50,M,2001,T,pop,4817
A,50,M,2001,15,pop,2031
A,50,M,2001,27,pop,629
A,50,M,2001,32,pop,521
A,50,M,2001,36,pop,1636
A,50,M,2011,T,pop,6064
A,50,M,2011,15,pop,2645
A,50,M,2011,27,pop,899
A,50,M,2011,32,pop,653
A,50,M,2011,36,pop,1867
A,50,F,2001,T,pop,4446
A,50,F,2001,15,pop,1825
A,50,F,2001,27,pop,572
A,50,F,2001,32,pop,535
A,50,F,2001,36,pop,1514
A,50,F,2011,T,pop,6178
A,50,F,2011,15,pop,2571
A,50,F,2011,27,pop,951
A,50,F,2011,32,pop,842
A,50,F,2011,36,pop,1814
A,55,T,2001,T,pop,8016
A,55,T,2001,15,pop,3370
A,55,T,2001,27,pop,986
A,55,T,2001,32,pop,933
A,55,T,2001,36,pop,2727
A,55,T,2011,T,pop,10508
A,55,T,2011,15,pop,4272
A,55,T,2011,27,pop,1547
A,55,T,2011,32,pop,1269
A,55,T,2011,36,pop,3419
A,55,M,2001,T,pop,4120
A,55,M,2001,15,pop,1736
A,55,M,2001,27,pop,485
A,55,M,2001,32,pop,472
A,55,M,2001,36,pop,1427
A,55,M,2011,T,pop,5324
A,55,M,2011,15,pop,2236
A,55,M,2011,27,pop,800
A,55,M,2011,32,pop,614
A,55,M,2011,36,pop,1674
A,55,F,2001,T,pop,3896
A,55,F,2001,15,pop,1634
A,55,F,2001,27,pop,501
A,55,F,2001,32,pop,461
A,55,F,2001,36,pop,1300
A,55,F,2011,T,pop,5184
A,55,F,2011,15,pop,2036
A,55,F,2011,27,pop,747
A,55,F,2011,32,pop,655
A,55,F,2011,36,pop,1745
A,60,T,2001,T,pop,5987
A,60,T,2001,15,pop,2373
A,60,T,2001,27,pop,824
A,60,T,2001,32,pop,748
A,60,T,2001,36,pop,2042
A,60,T,2011,T,pop,9503
A,60,T,2011,15,pop,3953
A,60,T,2011,27,pop,1287
A,60,T,2011,32,pop,1115
A,60,T,2011,36,pop,3148
A,60,M,2001,T,pop,3061
A,60,M,2001,15,pop,1218
A,60,M,2001,27,pop,399
A,60,M,2001,32,pop,388
A,60,M,2001,36,pop,1056
A,60,M,2011,T,pop,4987
A,60,M,2011,15,pop,2103
A,60,M,2011,27,pop,694
A,60,M,2011,32,pop,545
A,60,M,2011,36,pop,1645
A,60,F,2001,T,pop,2926
A,60,F,2001,15,pop,1155
A,60,F,2001,27,pop,425
A,60,F,2001,32,pop,360
A,60,F,2001,36,pop,986
A,60,F,2011,T,pop,4515
A,60,F,2011,15,pop,1849
A,60,F,2011,27,pop,593
A,60,F,2011,32,pop,570
A,60,F,2011,36,pop,1503
A,65,T,2001,T,pop,5949
A,65,T,2001,15,pop,2397
A,65,T,2001,27,pop,832
A,65,T,2001,32,pop,715
A,65,T,2001,36,pop,2005
A,65,T,2011,T,pop,8212
A,65,T,2011,15,pop,3412
A,65,T,2011,27,pop,1075
A,65,T,2011,32,pop,1009
A,65,T,2011,36,pop,2716
A,65,M,2001,T,pop,2920
A,65,M,2001,15,pop,1195
A,65,M,2001,27,pop,365
A,65,M,2001,32,pop,330
A,65,M,2001,36,pop,1030
A,65,M,2011,T,pop,4278
A,65,M,2011,15,pop,1761
A,65,M,2011,27,pop,554
A,65,M,2011,32,pop,515
A,65,M,2011,36,pop,1449
A,65,F,2001,T,pop,3029
A,65,F,2001,15,pop,1202
A,65,F,2001,27,pop,467
A,65,F,2001,32,pop,385
A,65,F,2001,36,pop,975
A,65,F,2011,T,pop,3934
A,65,F,2011,15,pop,1652
A,65,F,2011,27,pop,521
A,65,F,2011,32,pop,494
A,65,F,2011,36,pop,1267
A,70,T,2001,T,pop,4897
A,70,T,2001,15,pop,1964
A,70,T,2001,27,pop,758
A,70,T,2001,32,pop,626
A,70,T,2001,36,pop,1549
A,70,T,2011,T,pop,5856
A,70,T,2011,15,pop,2271
A,70,T,2011,27,pop,869
A,70,T,2011,32,pop,733
A,70,T,2011,36,pop,1983
A,70,M,2001,T,pop,2176
A,70,M,2001,15,pop,876
A,70,M,2001,27,pop,309
A,70,M,2001,32,pop,297
A,70,M,2001,36,pop,694
A,70,M,2011,T,pop,2903
A,70,M,2011,15,pop,1125
A,70,M,2011,27,pop,417
A,70,M,2011,32,pop,372
A,70,M,2011,36,pop,989
A,70,F,2001,T,pop,2721
A,70,F,2001,15,pop,1088
A,70,F,2001,27,pop,449
A,70,F,2001,32,pop,329
A,70,F,2001,36,pop,855
A,70,F,2011,T,pop,2953
A,70,F,2011,15,pop,1145
A,70,F,2011,27,pop,453
A,70,F,2011,32,pop,361
A,70,F,2011,36,pop,994
A,75,T,2001,T,pop,3652
A,75,T,2001,15,pop,1449
A,75,T,2001,27,pop,578
A,75,T,2001,32,pop,449
A,75,T,2001,36,pop,1176
A,75,T,2011,T,pop,5398
A,75,T,2011,15,pop,2161
A,75,T,2011,27,pop,800
A,75,T,2011,32,pop,647
A,75,T,2011,36,pop,1791
A,75,M,2001,T,pop,1493
A,75,M,2001,15,pop,611
A,75,M,2001,27,pop,237
A,75,M,2001,32,pop,182
A,75,M,2001,36,pop,463
A,75,M,2011,T,pop,2524
A,75,M,2011,15,pop,1019
A,75,M,2011,27,pop,342
A,75,M,2011,32,pop,289
A,75,M,2011,36,pop,874
A,75,F,2001,T,pop,2159
A,75,F,2001,15,pop,838
A,75,F,2001,27,pop,341
A,75,F,2001,32,pop,267
A,75,F,2001,36,pop,713
A,75,F,2011,T,pop,2874
A,75,F,2011,15,pop,1142
A,75,F,2011,27,pop,458
A,75,F,2011,32,pop,358
A,75,F,2011,36,pop,917
A,80,T,2001,T,pop,2554
A,80,T,2001,15,pop,989
A,80,T,2001,27,pop,397
A,80,T,2001,32,pop,312
A,80,T,2001,36,pop,856
A,80,T,2011,T,pop,3786
A,80,T,2011,15,pop,1496
A,80,T,2011,27,pop,597
A,80,T,2011,32,pop,484
A,80,T,2011,36,pop,1209
A,80,M,2001,T,pop,901
A,80,M,2001,15,pop,366
A,80,M,2001,27,pop,139
A,80,M,2001,32,pop,110
A,80,M,2001,36,pop,286
A,80,M,2011,T,pop,1477
A,80,M,2011,15,pop,609
A,80,M,2011,27,pop,219
A,80,M,2011,32,pop,196
A,80,M,2011,36,pop,453
A,80,F,2001,T,pop,1653
A,80,F,2001,15,pop,623
A,80,F,2001,27,pop,258
A,80,F,2001,32,pop,202
A,80,F,2001,36,pop,570
A,80,F,2011,T,pop,2309
A,80,F,2011,15,pop,887
A,80,F,2011,27,pop,378
A,80,F,2011,32,pop,288
A,80,F,2011,36,pop,756
A,85,T,2001,T,pop,1341
A,85,T,2001,15,pop,542
A,85,T,2001,27,pop,216
A,85,T,2001,32,pop,146
A,85,T,2001,36,pop,437
A,85,T,2011,T,pop,2314
A,85,T,2011,15,pop,876
A,85,T,2011,27,pop,373
A,85,T,2011,32,pop,306
A,85,T,2011,36,pop,759
A,85,M,2001,T,pop,431
A,85,M,2001,15,pop,182
A,85,M,2001,27,pop,61
A,85,M,2001,32,pop,47
A,85,M,2001,36,pop,141
A,85,M,2011,T,pop,769
A,85,M,2011,15,pop,298
A,85,M,2011,27,pop,127
A,85,M,2011,32,pop,108
A,85,M,2011,36,pop,236
A,85,F,2001,T,pop,910
A,85,F,2001,15,pop,360
A,85,F,2001,27,pop,155
A,85,F,2001,32,pop,99
A,85,F,2001,36,pop,296
A,85,F,2011,T,pop,1545
A,85,F,2011,15,pop,578
A,85,F,2011,27,pop,246
A,85,F,2011,32,pop,198
A,85,F,2011,36,pop,524
A,90,T,2001,T,pop,451
A,90,T,2001,15,pop,170
A,90,T,2001,27,pop,59
A,90,T,2001,32,pop,64
A,90,T,2001,36,pop,158
A,90,T,2011,T,pop,979
A,90,T,2011,15,pop,366
A,90,T,2011,27,pop,150
A,90,T,2011,32,pop,132
A,90,T,2011,36,pop,330
A,90,M,2001,T,pop,129
A,90,M,2001,15,pop,46
A,90,M,2001,27,pop,21
A,90,M,2001,32,pop,22
A,90,M,2001,36,pop,40
A,90,M,2011,T,pop,249
A,90,M,2011,15,pop,102
A,90,M,2011,27,pop,38
A,90,M,2011,32,pop,29
A,90,M,2011,36,pop,80
A,90,F,2001,T,pop,375
A,90,F,2001,15,pop,144
A,90,F,2001,27,pop,49
A,90,F,2001,32,pop,49
A,90,F,2001,36,pop,133
A,90,F,2011,T,pop,730
A,90,F,2011,15,pop,264
A,90,F,2011,27,pop,112
A,90,F,2011,32,pop,103
A,90,F,2011,36,pop,250
A,95,T,2001,T,pop,123
A,95,T,2001,15,pop,45
A,95,T,2001,27,pop,12
A,95,T,2001,32,pop,17
A,95,T,2001,36,pop,49
A,95,T,2011,T,pop,244
A,95,T,2011,15,pop,94
A,95,T,2011,27,pop,41
A,95,T,2011,32,pop,27
A,95,T,2011,36,pop,83
A,95,M,2001,T,pop,23
A,95,M,2001,15,pop,11
A,95,M,2001,27,pop,3
A,95,M,2001,32,pop,4
A,95,M,2001,36,pop,5
A,95,M,2011,T,pop,44
A,95,M,2011,15,pop,17
A,95,M,2011,27,pop,5
A,95,M,2011,32,pop,6
A,95,M,2011,36,pop,16
A,95,F,2001,T,pop,100
A,95,F,2001,15,pop,34
A,95,F,2001,27,pop,9
A,95,F,2001,32,pop,13
A,95,F,2001,36,pop,44
A,95,F,2011,T,pop,200
A,95,F,2011,15,pop,77
A,95,F,2011,27,pop,36
A,95,F,2011,32,pop,21
A,95,F,2011,36,pop,66
A,100,T,2001,T,pop,15
A,100,T,2001,15,pop,3
A,100,T,2001,27,pop,5
A,100,T,2001,32,pop,4
A,100,T,2001,36,pop,3
A,100,T,2011,T,pop,35
A,100,T,2011,15,pop,15
A,100,T,2011,27,pop,6
A,100,T,2011,32,pop,n/a
A,100,T,2011,36,pop,15
A,100,M,2001,T,pop,3
A,100,M,2001,15,pop,1
A,100,M,2001,27,pop,2
A,100,M,2001,32,pop,0
A,100,M,2001,36,pop,0
A,100,M,2011,T,pop,7
A,100,M,2011,15,pop,4
A,100,M,2011,27,pop,1
A,100,M,2011,32,pop,n/a
A,100,M,2011,36,pop,2
A,100,F,2001,T,pop,12
A,100,F,2001,15,pop,2
A,100,F,2001,27,pop,3
A,100,F,2001,32,pop,4
A,100,F,2001,36,pop,3
A,100,F,2011,T,pop,28
A,100,F,2011,15,pop,11
A,100,F,2011,27,pop,5
A,100,F,2011,32,pop,n/a
A,100,F,2011,36,pop,13
F,T,T,2001,T,pop,114114
F,T,T,2001,15,pop,42120
F,T,T,2001,27,pop,9913
F,T,T,2001,32,pop,23165
F,T,T,2001,36,pop,38916
F,T,T,2011,T,pop,213145
F,T,T,2011,15,pop,82727
F,T,T,2011,27,pop,22138
F,T,T,2011,32,pop,34318
F,T,T,2011,36,pop,73962
F,T,M,2001,T,pop,53577
F,T,M,2001,15,pop,19788
F,T,M,2001,27,pop,4521
F,T,M,2001,32,pop,11017
F,T,M,2001,36,pop,18251
F,T,M,2011,T,pop,103726
F,T,M,2011,15,pop,39430
F,T,M,2011,27,pop,10920
F,T,M,2011,32,pop,16715
F,T,M,2011,36,pop,36660
F,T,F,2001,T,pop,60537
F,T,F,2001,15,pop,22332
F,T,F,2001,27,pop,5392
F,T,F,2001,32,pop,12148
F,T,F,2001,36,pop,20665
F,T,F,2011,T,pop,109419
F,T,F,2011,15,pop,43297
F,T,F,2011,27,pop,11218
F,T,F,2011,32,pop,17602
F,T,F,2011,36,pop,37302
F,0,T,2001,T,pop,2128
F,0,T,2001,15,pop,898
F,0,T,2001,27,pop,133
F,0,T,2001,32,pop,379
F,0,T,2001,36,pop,718
F,0,T,2011,T,pop,1811
F,0,T,2011,15,pop,754
F,0,T,2011,27,pop,177
F,0,T,2011,32,pop,207
F,0,T,2011,36,pop,672
F,0,M,2001,T,pop,1087
F,0,M,2001,15,pop,445
F,0,M,2001,27,pop,69
F,0,M,2001,32,pop,195
F,0,M,2001,36,pop,378
F,0,M,2011,T,pop,920
F,0,M,2011,15,pop,396
F,0,M,2011,27,pop,84
F,0,M,2011,32,pop,94
F,0,M,2011,36,pop,347
F,0,F,2001,T,pop,1041
F,0,F,2001,15,pop,453
F,0,F,2001,27,pop,64
F,0,F,2001,32,pop,184
F,0,F,2001,36,pop,340
F,0,F,2011,T,pop,891
F,0,F,2011,15,pop,359
F,0,F,2011,27,pop,93
F,0,F,2011,32,pop,114
F,0,F,2011,36,pop,325
F,5,T,2001,T,pop,4649
F,5,T,2001,15,pop,1983
F,5,T,2001,27,pop,302
F,5,T,2001,32,pop,871
F,5,T,2001,36,pop,1493
F,5,T,2011,T,pop,5901
F,5,T,2011,15,pop,2515
F,5,T,2011,27,pop,673
F,5,T,2011,32,pop,699
F,5,T,2011,36,pop,2015
F,5,M,2001,T,pop,2455
F,5,M,2001,15,pop,1069
F,5,M,2001,27,pop,156
F,5,M,2001,32,pop,473
F,5,M,2001,36,pop,757
F,5,M,2011,T,pop,2856
F,5,M,2011,15,pop,1197
F,5,M,2011,27,pop,304
F,5,M,2011,32,pop,349
F,5,M,2011,36,pop,1007
F,5,F,2001,T,pop,2194
F,5,F,2001,15,pop,914
F,5,F,2001,27,pop,146
F,5,F,2001,32,pop,398
F,5,F,2001,36,pop,736
F,5,F,2011,T,pop,3045
F,5,F,2011,15,pop,1318
F,5,F,2011,27,pop,369
F,5,F,2011,32,pop,350
F,5,F,2011,36,pop,1008
F,10,T,2001,T,pop,6595
F,10,T,2001,15,pop,2637
F,10,T,2001,27,pop,486
F,10,T,2001,32,pop,1419
F,10,T,2001,36,pop,2053
F,10,T,2011,T,pop,9329
F,10,T,2011,15,pop,3878
F,10,T,2011,27,pop,1063
F,10,T,2011,32,pop,1253
F,10,T,2011,36,pop,3135
F,10,M,2001,T,pop,3332
F,10,M,2001,15,pop,1341
F,10,M,2001,27,pop,248
F,10,M,2001,32,pop,702
F,10,M,2001,36,pop,1041
F,10,M,2011,T,pop,4832
F,10,M,2011,15,pop,2009
F,10,M,2011,27,pop,550
F,10,M,2011,32,pop,642
F,10,M,2011,36,pop,1631
F,10,F,2001,T,pop,3263
F,10,F,2001,15,pop,1296
F,10,F,2001,27,pop,238
F,10,F,2001,32,pop,717
F,10,F,2001,36,pop,1012
F,10,F,2011,T,pop,4497
F,10,F,2011,15,pop,1869
F,10,F,2011,27,pop,513
F,10,F,2011,32,pop,611
F,10,F,2011,36,pop,1504
F,15,T,2001,T,pop,8146
F,15,T,2001,15,pop,3090
F,15,T,2001,27,pop,654
F,15,T,2001,32,pop,1835
F,15,T,2001,36,pop,2567
F,15,T,2011,T,pop,11722
F,15,T,2011,15,pop,4840
F,15,T,2011,27,pop,1226
F,15,T,2011,32,pop,1720
F,15,T,2011,36,pop,3936
F,15,M,2001,T,pop,4152
F,15,M,2001,15,pop,1566
F,15,M,2001,27,pop,317
F,15,M,2001,32,pop,948
F,15,M,2001,36,pop,1321
F,15,M,2011,T,pop,6044
F,15,M,2011,15,pop,2520
F,15,M,2011,27,pop,636
F,15,M,2011,32,pop,874
F,15,M,2011,36,pop,2014
F,15,F,2001,T,pop,3994
F,15,F,2001,15,pop,1524
F,15,F,2001,27,pop,337
F,15,F,2001,32,pop,887
F,15,F,2001,36,pop,1246
F,15,F,2011,T,pop,5678
F,15,F,2011,15,pop,2321
F,15,F,2011,27,pop,589
F,15,F,2011,32,pop,846
F,15,F,2011,36,pop,1922
F,20,T,2001,T,pop,12196
F,20,T,2001,15,pop,4651
F,20,T,2001,27,pop,971
F,20,T,2001,32,pop,2640
F,20,T,2001,36,pop,3934
F,20,T,2011,T,pop,15844
F,20,T,2011,15,pop,6459
F,20,T,2011,27,pop,1691
F,20,T,2011,32,pop,2650
F,20,T,2011,36,pop,5043
F,20,M,2001,T,pop,5839
F,20,M,2001,15,pop,2206
F,20,M,2001,27,pop,463
F,20,M,2001,32,pop,1293
F,20,M,2001,36,pop,1877
F,20,M,2011,T,pop,7794
F,20,M,2011,15,pop,3130
F,20,M,2011,27,pop,843
F,20,M,2011,32,pop,1306
F,20,M,2011,36,pop,2515
F,20,F,2001,T,pop,6357
F,20,F,2001,15,pop,2445
F,20,F,2001,27,pop,508
F,20,F,2001,32,pop,1347
F,20,F,2001,36,pop,2057
F,20,F,2011,T,pop,8050
F,20,F,2011,15,pop,3329
F,20,F,2011,27,pop,848
F,20,F,2011,32,pop,1343
F,20,F,2011,36,pop,2528
F,25,T,2001,T,pop,18926
F,25,T,2001,15,pop,7379
F,25,T,2001,27,pop,1601
F,25,T,2001,32,pop,3813
F,25,T,2001,36,pop,6133
F,25,T,2011,T,pop,21722
F,25,T,2011,15,pop,8615
F,25,T,2011,27,pop,2463
F,25,T,2011,32,pop,3517
F,25,T,2011,36,pop,7127
F,25,M,2001,T,pop,9025
F,25,M,2001,15,pop,3569
F,25,M,2001,27,pop,719
F,25,M,2001,32,pop,1842
F,25,M,2001,36,pop,2895
F,25,M,2011,T,pop,10410
F,25,M,2011,15,pop,4003
F,25,M,2011,27,pop,1240
F,25,M,2011,32,pop,1710
F,25,M,2011,36,pop,3457
F,25,F,2001,T,pop,9901
F,25,F,2001,15,pop,3810
F,25,F,2001,27,pop,882
F,25,F,2001,32,pop,1971
F,25,F,2001,36,pop,3238
F,25,F,2011,T,pop,11312
F,25,F,2011,15,pop,4612
F,25,F,2011,27,pop,1223
F,25,F,2011,32,pop,1807
F,25,F,2011,36,pop,3670
F,30,T,2001,T,pop,17794
F,30,T,2001,15,pop,7124
F,30,T,2001,27,pop,1481
F,30,T,2001,32,pop,3313
F,30,T,2001,36,pop,5876
F,30,T,2011,T,pop,27532
F,30,T,2011,15,pop,10898
F,30,T,2011,27,pop,3041
F,30,T,2011,32,pop,4241
F,30,T,2011,36,pop,9353
F,30,M,2001,T,pop,8364
F,30,M,2001,15,pop,3316
F,30,M,2001,27,pop,709
F,30,M,2001,32,pop,1528
F,30,M,2001,36,pop,2811
F,30,M,2011,T,pop,13446
F,30,M,2011,15,pop,5166
F,30,M,2011,27,pop,1595
F,30,M,2011,32,pop,2093
F,30,M,2011,36,pop,4592
F,30,F,2001,T,pop,9430
F,30,F,2001,15,pop,3808
F,30,F,2001,27,pop,772
F,30,F,2001,32,pop,1785
F,30,F,2001,36,pop,3065
F,30,F,2011,T,pop,14086
F,30,F,2011,15,pop,5732
F,30,F,2011,27,pop,1445
F,30,F,2011,32,pop,2148
F,30,F,2011,36,pop,4761
F,35,T,2001,T,pop,13557
F,35,T,2001,15,pop,5079
F,35,T,2001,27,pop,1126
F,35,T,2001,32,pop,2532
F,35,T,2001,36,pop,4820
F,35,T,2011,T,pop,32114
F,35,T,2011,15,pop,12795
F,35,T,2011,27,pop,3185
F,35,T,2011,32,pop,5046
F,35,T,2011,36,pop,11089
F,35,M,2001,T,pop,6220
F,35,M,2001,15,pop,2282
F,35,M,2001,27,pop,498
F,35,M,2001,32,pop,1120
F,35,M,2001,36,pop,2320
F,35,M,2011,T,pop,16036
F,35,M,2011,15,pop,6252
F,35,M,2011,27,pop,1656
F,35,M,2011,32,pop,2532
F,35,M,2011,36,pop,5597
F,35,F,2001,T,pop,7337
F,35,F,2001,15,pop,2797
F,35,F,2001,27,pop,628
F,35,F,2001,32,pop,1412
F,35,F,2001,36,pop,2500
F,35,F,2011,T,pop,16079
F,35,F,2011,15,pop,6543
F,35,F,2011,27,pop,1529
F,35,F,2011,32,pop,2514
F,35,F,2011,36,pop,5492
F,40,T,2001,T,pop,9024
F,40,T,2001,15,pop,3200
F,40,T,2001,27,pop,696
F,40,T,2001,32,pop,1663
F,40,T,2001,36,pop,3465
F,40,T,2011,T,pop,27933
F,40,T,2011,15,pop,11143
F,40,T,2011,27,pop,2752
F,40,T,2011,32,pop,4538
F,40,T,2011,36,pop,9500
F,40,M,2001,T,pop,4102
F,40,M,2001,15,pop,1425
F,40,M,2001,27,pop,295
F,40,M,2001,32,pop,764
F,40,M,2001,36,pop,1618
F,40,M,2011,T,pop,13911
F,40,M,2011,15,pop,5379
F,40,M,2011,27,pop,1382
F,40,M,2011,32,pop,2270
F,40,M,2011,36,pop,4880
F,40,F,2001,T,pop,4922
F,40,F,2001,15,pop,1775
F,40,F,2001,27,pop,401
F,40,F,2001,32,pop,899
F,40,F,2001,36,pop,1847
F,40,F,2011,T,pop,14023
F,40,F,2011,15,pop,5764
F,40,F,2011,27,pop,1370
F,40,F,2011,32,pop,2269
F,40,F,2011,36,pop,4620
F,45,T,2001,T,pop,5032
F,45,T,2001,15,pop,1611
F,45,T,2001,27,pop,437
F,45,T,2001,32,pop,981
F,45,T,2001,36,pop,2003
F,45,T,2011,T,pop,20883
F,45,T,2011,15,pop,7923
F,45,T,2011,27,pop,2000
F,45,T,2011,32,pop,3447
F,45,T,2011,36,pop,7512
F,45,M,2001,T,pop,2272
F,45,M,2001,15,pop,756
F,45,M,2001,27,pop,193
F,45,M,2001,32,pop,441
F,45,M,2001,36,pop,882
F,45,M,2011,T,pop,10081
F,45,M,2011,15,pop,3699
F,45,M,2011,27,pop,911
F,45,M,2011,32,pop,1616
F,45,M,2011,36,pop,3854
F,45,F,2001,T,pop,2760
F,45,F,2001,15,pop,855
F,45,F,2001,27,pop,244
F,45,F,2001,32,pop,540
F,45,F,2001,36,pop,1121
F,45,F,2011,T,pop,10802
F,45,F,2011,15,pop,4223
F,45,F,2011,27,pop,1089
F,45,F,2011,32,pop,1831
F,45,F,2011,36,pop,3658
F,50,T,2001,T,pop,3145
F,50,T,2001,15,pop,958
F,50,T,2001,27,pop,224
F,50,T,2001,32,pop,630
F,50,T,2001,36,pop,1333
F,50,T,2011,T,pop,13785
F,50,T,2011,15,pop,5042
F,50,T,2011,27,pop,1248
F,50,T,2011,32,pop,2287
F,50,T,2011,36,pop,5209
F,50,M,2001,T,pop,1374
F,50,M,2001,15,pop,387
F,50,M,2001,27,pop,100
F,50,M,2001,32,pop,297
F,50,M,2001,36,pop,590
F,50,M,2011,T,pop,6672
F,50,M,2011,15,pop,2348
F,50,M,2011,27,pop,591
F,50,M,2011,32,pop,1098
F,50,M,2011,36,pop,2636
F,50,F,2001,T,pop,1771
F,50,F,2001,15,pop,571
F,50,F,2001,27,pop,124
F,50,F,2001,32,pop,333
F,50,F,2001,36,pop,743
F,50,F,2011,T,pop,7113
F,50,F,2011,15,pop,2694
F,50,F,2011,27,pop,657
F,50,F,2011,32,pop,1190
F,50,F,2011,36,pop,2573
F,55,T,2001,T,pop,2318
F,55,T,2001,15,pop,768
F,55,T,2001,27,pop,169
F,55,T,2001,32,pop,463
F,55,T,2001,36,pop,918
F,55,T,2011,T,pop,8048
F,55,T,2011,15,pop,2729
F,55,T,2011,27,pop,780
F,55,T,2011,32,pop,1411
F,55,T,2011,36,pop,3128
F,55,M,2001,T,pop,1040
F,55,M,2001,15,pop,344
F,55,M,2001,27,pop,84
F,55,M,2001,32,pop,210
F,55,M,2001,36,pop,402
F,55,M,2011,T,pop,3784
F,55,M,2011,15,pop,1258
F,55,M,2011,27,pop,366
F,55,M,2011,32,pop,655
F,55,M,2011,36,pop,1505
F,55,F,2001,T,pop,1278
F,55,F,2001,15,pop,424
F,55,F,2001,27,pop,85
F,55,F,2001,32,pop,253
F,55,F,2001,36,pop,516
F,55,F,2011,T,pop,4264
F,55,F,2011,15,pop,1472
F,55,F,2011,27,pop,413
F,55,F,2011,32,pop,756
F,55,F,2011,36,pop,1623
F,60,T,2001,T,pop,1834
F,60,T,2001,15,pop,529
F,60,T,2001,27,pop,117
F,60,T,2001,32,pop,435
F,60,T,2001,36,pop,753
F,60,T,2011,T,pop,5064
F,60,T,2011,15,pop,1656
F,60,T,2011,27,pop,443
F,60,T,2011,32,pop,917
F,60,T,2011,36,pop,2048
F,60,M,2001,T,pop,845
F,60,M,2001,15,pop,226
F,60,M,2001,27,pop,60
F,60,M,2001,32,pop,213
F,60,M,2001,36,pop,346
F,60,M,2011,T,pop,2276
F,60,M,2011,15,pop,683
F,60,M,2011,27,pop,195
F,60,M,2011,32,pop,454
F,60,M,2011,36,pop,944
F,60,F,2001,T,pop,989
F,60,F,2001,15,pop,303
F,60,F,2001,27,pop,57
F,60,F,2001,32,pop,222
F,60,F,2001,36,pop,407
F,60,F,2011,T,pop,2788
F,60,F,2011,15,pop,973
F,60,F,2011,27,pop,248
F,60,F,2011,32,pop,464
F,60,F,2011,36,pop,1104
F,65,T,2001,T,pop,1696
F,65,T,2001,15,pop,491
F,65,T,2001,27,pop,150
F,65,T,2001,32,pop,423
F,65,T,2001,36,pop,632
F,65,T,2011,T,pop,3445
F,65,T,2011,15,pop,1201
F,65,T,2011,27,pop,288
F,65,T,2011,32,pop,651
F,65,T,2011,36,pop,1305
F,65,M,2001,T,pop,714
F,65,M,2001,15,pop,213
F,65,M,2001,27,pop,60
F,65,M,2001,32,pop,198
F,65,M,2001,36,pop,243
F,65,M,2011,T,pop,1515
F,65,M,2011,15,pop,515
F,65,M,2011,27,pop,139
F,65,M,2011,32,pop,290
F,65,M,2011,36,pop,572
F,65,F,2001,T,pop,982
F,65,F,2001,15,pop,278
F,65,F,2001,27,pop,90
F,65,F,2001,32,pop,225
F,65,F,2001,36,pop,389
F,65,F,2011,T,pop,1931
F,65,F,2011,15,pop,686
F,65,F,2011,27,pop,150
F,65,F,2011,32,pop,362
F,65,F,2011,36,pop,733
F,70,T,2001,T,pop,2473
F,70,T,2001,15,pop,627
F,70,T,2001,27,pop,458
F,70,T,2001,32,pop,627
F,70,T,2001,36,pop,761
F,70,T,2011,T,pop,2414
F,70,T,2011,15,pop,743
F,70,T,2011,27,pop,188
F,70,T,2011,32,pop,496
F,70,T,2011,36,pop,988
F,70,M,2001,T,pop,1065
F,70,M,2001,15,pop,261
F,70,M,2001,27,pop,188
F,70,M,2001,32,pop,301
F,70,M,2001,36,pop,315
F,70,M,2011,T,pop,1098
F,70,M,2011,15,pop,314
F,70,M,2011,27,pop,88
F,70,M,2011,32,pop,238
F,70,M,2011,36,pop,459
F,70,F,2001,T,pop,1408
F,70,F,2001,15,pop,366
F,70,F,2001,27,pop,270
F,70,F,2001,32,pop,326
F,70,F,2001,36,pop,446
F,70,F,2011,T,pop,1316
F,70,F,2011,15,pop,429
F,70,F,2011,27,pop,100
F,70,F,2011,32,pop,258
F,70,F,2011,36,pop,529
F,75,T,2001,T,pop,2115
F,75,T,2001,15,pop,497
F,75,T,2001,27,pop,462
F,75,T,2001,32,pop,523
F,75,T,2001,36,pop,633
F,75,T,2011,T,pop,1741
F,75,T,2011,15,pop,575
F,75,T,2011,27,pop,157
F,75,T,2011,32,pop,361
F,75,T,2011,36,pop,647
F,75,M,2001,T,pop,859
F,75,M,2001,15,pop,201
F,75,M,2001,27,pop,193
F,75,M,2001,32,pop,237
F,75,M,2001,36,pop,228
F,75,M,2011,T,pop,700
F,75,M,2011,15,pop,229
F,75,M,2011,27,pop,61
F,75,M,2011,32,pop,161
F,75,M,2011,36,pop,249
F,75,F,2001,T,pop,1256
F,75,F,2001,15,pop,296
F,75,F,2001,27,pop,269
F,75,F,2001,32,pop,286
F,75,F,2001,36,pop,405
F,75,F,2011,T,pop,1041
F,75,F,2011,15,pop,346
F,75,F,2011,27,pop,96
F,75,F,2011,32,pop,200
F,75,F,2011,36,pop,398
F,80,T,2001,T,pop,1263
F,80,T,2001,15,pop,311
F,80,T,2001,27,pop,236
F,80,T,2001,32,pop,345
F,80,T,2001,36,pop,371
F,80,T,2011,T,pop,1987
F,80,T,2011,15,pop,515
F,80,T,2011,27,pop,392
F,80,T,2011,32,pop,450
F,80,T,2011,36,pop,629
F,80,M,2001,T,pop,471
F,80,M,2001,15,pop,100
F,80,M,2001,27,pop,92
F,80,M,2001,32,pop,159
F,80,M,2001,36,pop,120
F,80,M,2011,T,pop,759
F,80,M,2011,15,pop,194
F,80,M,2011,27,pop,154
F,80,M,2011,32,pop,178
F,80,M,2011,36,pop,233
F,80,F,2001,T,pop,792
F,80,F,2001,15,pop,211
F,80,F,2001,27,pop,144
F,80,F,2001,32,pop,186
F,80,F,2001,36,pop,251
F,80,F,2011,T,pop,1228
F,80,F,2011,15,pop,321
F,80,F,2011,27,pop,238
F,80,F,2011,32,pop,272
F,80,F,2011,36,pop,396
F,85,T,2001,T,pop,878
F,85,T,2001,15,pop,212
F,85,T,2001,27,pop,161
F,85,T,2001,32,pop,190
F,85,T,2001,36,pop,315
F,85,T,2011,T,pop,1241
F,85,T,2011,15,pop,293
F,85,T,2011,27,pop,264
F,85,T,2011,32,pop,285
F,85,T,2011,36,pop,399
F,85,M,2001,T,pop,286
F,85,M,2001,15,pop,67
F,85,M,2001,27,pop,63
F,85,M,2001,32,pop,76
F,85,M,2001,36,pop,80
F,85,M,2011,T,pop,421
F,85,M,2011,15,pop,100
F,85,M,2011,27,pop,95
F,85,M,2011,32,pop,104
F,85,M,2011,36,pop,122
F,85,F,2001,T,pop,592
F,85,F,2001,15,pop,145
F,85,F,2001,27,pop,98
F,85,F,2001,32,pop,114
F,85,F,2001,36,pop,235
F,85,F,2011,T,pop,821
F,85,F,2011,15,pop,193
F,85,F,2011,27,pop,169
F,85,F,2011,32,pop,182
F,85,F,2011,36,pop,277
F,90,T,2001,T,pop,251
F,90,T,2001,15,pop,54
F,90,T,2001,27,pop,39
F,90,T,2001,32,pop,63
F,90,T,2001,36,pop,95
F,90,T,2011,T,pop,449
F,90,T,2011,15,pop,112
F,90,T,2011,27,pop,80
F,90,T,2011,32,pop,108
F,90,T,2011,36,pop,149
F,90,M,2001,T,pop,65
F,90,M,2001,15,pop,11
F,90,M,2001,27,pop,12
F,90,M,2001,32,pop,19
F,90,M,2001,36,pop,23
F,90,M,2011,T,pop,135
F,90,M,2011,15,pop,28
F,90,M,2011,27,pop,26
F,90,M,2011,32,pop,41
F,90,M,2011,36,pop,40
F,90,F,2001,T,pop,217
F,90,F,2001,15,pop,51
F,90,F,2001,27,pop,34
F,90,F,2001,32,pop,49
F,90,F,2001,36,pop,83
F,90,F,2011,T,pop,314
F,90,F,2011,15,pop,84
F,90,F,2011,27,pop,54
F,90,F,2011,32,pop,67
F,90,F,2011,36,pop,110
F,95,T,2001,T,pop,55
F,95,T,2001,15,pop,13
F,95,T,2001,27,pop,3
F,95,T,2001,32,pop,12
F,95,T,2001,36,pop,27
F,95,T,2011,T,pop,159
F,95,T,2011,15,pop,36
F,95,T,2011,27,pop,28
F,95,T,2011,32,pop,30
F,95,T,2011,36,pop,65
F,95,M,2001,T,pop,9
F,95,M,2001,15,pop,3
F,95,M,2001,27,pop,2
F,95,M,2001,32,pop,1
F,95,M,2001,36,pop,3
F,95,M,2011,T,pop,35
F,95,M,2011,15,pop,11
F,95,M,2011,27,pop,5
F,95,M,2011,32,pop,11
F,95,M,2011,36,pop,8
F,95,F,2001,T,pop,46
F,95,F,2001,15,pop,10
F,95,F,2001,27,pop,1
F,95,F,2001,32,pop,11
F,95,F,2001,36,pop,24
F,95,F,2011,T,pop,124
F,95,F,2011,15,pop,25
F,95,F,2011,27,pop,23
F,95,F,2011,32,pop,19
F,95,F,2011,36,pop,56
F,100,T,2001,T,pop,8
F,100,T,2001,15,pop,0
F,100,T,2001,27,pop,0
F,100,T,2001,32,pop,3
F,100,T,2001,36,pop,5
F,100,T,2011,T,pop,22
F,100,T,2011,15,pop,5
F,100,T,2011,27,pop,1
F,100,T,2011,32,pop,3
F,100,T,2011,36,pop,13
F,100,M,2001,T,pop,1
F,100,M,2001,15,pop,0
F,100,M,2001,27,pop,0
F,100,M,2001,32,pop,0
F,100,M,2001,36,pop,1
F,100,M,2011,T,pop,2
F,100,M,2011,15,pop,0
F,100,M,2011,27,pop,n/a
F,100,M,2011,32,pop,0
F,100,M,2011,36,pop,2
F,100,F,2001,T,pop,7
F,100,F,2001,15,pop,0
F,100,F,2001,27,pop,0
F,100,F,2001,32,pop,3
F,100,F,2001,36,pop,4
F,100,F,2011,T,pop,20
F,100,F,2011,15,pop,4
F,100,F,2011,27,pop,1
F,100,F,2011,32,pop,3
F,100,F,2011,36,pop,11
